source_id,source_document,source_page,resource_title,resource_kind,match_status,confidence,book_pdf_page,book_printed_page,book_module,book_handout_or_worksheet_number,book_title,match_evidence,clean_asset,match_id,match_source,publicly_displayed,review_state,review_needed,notes
general-p002,0 general handouts and skills to turn to app.pdf,2,Skills & Strengths List,reference,none,none,,,,,,No exact printed identifier/title match verified.,,,,false,unmatched,false,Current curriculum resource remains the only public copy.
general-p003,0 general handouts and skills to turn to app.pdf,3,Skills Overview,reference,none,none,,,,,,No exact printed identifier/title match verified.,,,,false,unmatched,false,Current curriculum resource remains the only public copy.
general-p004,0 general handouts and skills to turn to app.pdf,4,Emotional Overload & Emotional Numbness Skills Guide,reference,none,none,,,,,,No exact printed identifier/title match verified.,,,,false,unmatched,false,Current curriculum resource remains the only public copy.
general-p005,0 general handouts and skills to turn to app.pdf,5,Skills Use Guideline,reference,none,none,,,,,,No exact printed identifier/title match verified.,,,,false,unmatched,false,Current curriculum resource remains the only public copy.
general-p006,0 general handouts and skills to turn to app.pdf,6,Dialectics: Acceptance and Change,handout,none,none,,,,,,No exact printed identifier/title match verified.,,,,false,unmatched,false,Current curriculum resource remains the only public copy.
goal-setting-p002,1 goal setting and tracking.pdf,2,Case Map,worksheet,none,none,,,,,,No exact printed identifier/title match verified.,,,,false,unmatched,false,Current curriculum resource remains the only public copy.
goal-setting-p003,1 goal setting and tracking.pdf,3,Goal Setting Guidelines,handout,none,none,,,,,,No exact printed identifier/title match verified.,,,,false,unmatched,false,Current curriculum resource remains the only public copy.
goal-setting-p004,1 goal setting and tracking.pdf,4,SMART Goal Setting,handout,none,none,,,,,,No exact printed identifier/title match verified.,,,,false,unmatched,false,Current curriculum resource remains the only public copy.
goal-setting-p005,1 goal setting and tracking.pdf,5,Daily Goal Worksheet: Monday to Wednesday,worksheet,none,none,,,,,,No exact printed identifier/title match verified.,,,,false,unmatched,false,Current curriculum resource remains the only public copy.
goal-setting-p006,1 goal setting and tracking.pdf,6,Daily Goal Worksheet: Thursday to Sunday,worksheet,none,none,,,,,,No exact printed identifier/title match verified.,,,,false,unmatched,false,Current curriculum resource remains the only public copy.
goal-setting-p007,1 goal setting and tracking.pdf,7,Weekly Home Practice Tracker,worksheet,none,none,,,,,,No exact printed identifier/title match verified.,,,,false,unmatched,false,Current curriculum resource remains the only public copy.
goal-setting-p008,1 goal setting and tracking.pdf,8,Weekly Food Diary,worksheet,none,none,,,,,,No exact printed identifier/title match verified.,,,,false,unmatched,false,Current curriculum resource remains the only public copy.
goal-setting-p010,1 goal setting and tracking.pdf,10,Monthly Habit Tracker,worksheet,none,none,,,,,,No exact printed identifier/title match verified.,,,,false,unmatched,false,Current curriculum resource remains the only public copy.
goal-setting-p033,1 goal setting and tracking.pdf,33,Daily Mood Tracker,worksheet,none,none,,,,,,No exact printed identifier/title match verified.,,,,false,unmatched,false,Current curriculum resource remains the only public copy.
goal-setting-p034,1 goal setting and tracking.pdf,34,Skills and Wellness Diary Card,worksheet,none,none,,,,,,No exact printed identifier/title match verified.,,,,false,unmatched,false,Current curriculum resource remains the only public copy.
distress-tolerance-p003,2 Distress Tolerance.pdf,3,How Can I Make a Distress Crisis Worse?,exercise,none,none,,,,,,No exact printed identifier/title match verified.,,,,false,unmatched,false,Current curriculum resource remains the only public copy.
distress-tolerance-p004,2 Distress Tolerance.pdf,4,When to Use Crisis Survival Skills,handout,matched,high,350,326,Distress Tolerance,Handout 3,When to Use Crisis Survival Skills,Printed identifier and title agree; content visually verified against the reference-book PDF.,/resources/clean/distress-tolerance/distress-tolerance-handout-3-when-to-use-crisis-survival-skills-clean.pdf,linehan-book:distress-tolerance-p004,linehan-book,true,pending,false,High-confidence clean copy is displayed below the selected curriculum handout.
distress-tolerance-p005,2 Distress Tolerance.pdf,5,Turning the Mind,handout,matched,high,369,345,Distress Tolerance,Handout 12,Turning the Mind,Printed identifier and title agree; content visually verified against the reference-book PDF.,/resources/clean/distress-tolerance/distress-tolerance-handout-12-turning-the-mind-clean.pdf,linehan-book:distress-tolerance-p005,linehan-book,true,pending,false,High-confidence clean copy is displayed below the selected curriculum handout.
distress-tolerance-p006,2 Distress Tolerance.pdf,6,Willingness,handout,matched,high,370,346,Distress Tolerance,Handout 13,Willingness,Printed identifier and title agree; content visually verified against the reference-book PDF.,/resources/clean/distress-tolerance/distress-tolerance-handout-13-willingness-clean.pdf,linehan-book:distress-tolerance-p006,linehan-book,true,pending,false,High-confidence clean copy is displayed below the selected curriculum handout.
distress-tolerance-p007,2 Distress Tolerance.pdf,7,STOP Skill,handout,matched,high,351,327,Distress Tolerance,Handout 4,STOP Skill,Printed identifier and title agree; content visually verified against the reference-book PDF.,/resources/clean/distress-tolerance/distress-tolerance-handout-4-stop-skill-clean.pdf,linehan-book:distress-tolerance-p007,linehan-book,true,pending,false,High-confidence clean copy is displayed below the selected curriculum handout.
distress-tolerance-p008,2 Distress Tolerance.pdf,8,"Turning the Mind, Willingness, and Willfulness",worksheet,matched,high,420,396,Distress Tolerance,Worksheet 10,"Turning the Mind, Willingness, Willfulness",Printed identifier and title agree; content visually verified against the reference-book PDF.,/resources/clean/distress-tolerance/distress-tolerance-worksheet-10-turning-the-mind-willingness-willfulness-clean.pdf,linehan-book:distress-tolerance-p008,linehan-book,true,pending,false,High-confidence clean copy is displayed below the selected curriculum handout.
distress-tolerance-p009,2 Distress Tolerance.pdf,9,Using the STOP Skill,worksheet,none,none,,,,,,No exact printed identifier/title match verified.,,,,false,unmatched,false,Current curriculum resource remains the only public copy.
distress-tolerance-p011,2 Distress Tolerance.pdf,11,Window of Tolerance,reference,none,none,,,,,,No exact printed identifier/title match verified.,,,,false,unmatched,false,Current curriculum resource remains the only public copy.
distress-tolerance-p012,2 Distress Tolerance.pdf,12,Changing Your Body Chemistry with TIPP,handout,matched,high,353,329,Distress Tolerance,Handout 6,TIP Skills: Changing Your Body Chemistry,Printed identifier and title agree; content visually verified against the reference-book PDF.,/resources/clean/distress-tolerance/distress-tolerance-handout-6-tip-skills-changing-your-body-chemistry-clean.pdf,linehan-book:distress-tolerance-p012,linehan-book,true,pending,false,High-confidence clean copy is displayed below the selected curriculum handout.
distress-tolerance-p013,2 Distress Tolerance.pdf,13,"Using Cold Water, Step by Step",handout,matched,high,354,330,Distress Tolerance,Handout 6a,"Using Cold Water, Step by Step",Printed identifier and title agree; content visually verified against the reference-book PDF.,/resources/clean/distress-tolerance/distress-tolerance-handout-6a-using-cold-water-step-by-step-clean.pdf,linehan-book:distress-tolerance-p013,linehan-book,true,pending,false,High-confidence clean copy is displayed below the selected curriculum handout.
distress-tolerance-p014,2 Distress Tolerance.pdf,14,"Paired Muscle Relaxation, Step by Step",handout,matched,high,355,331,Distress Tolerance,Handout 6b,"Paired Muscle Relaxation, Step by Step",Printed identifier and title agree; content visually verified against the reference-book PDF.,/resources/clean/distress-tolerance/distress-tolerance-handout-6b-paired-muscle-relaxation-step-by-step-clean.pdf,linehan-book:distress-tolerance-p014,linehan-book,true,pending,false,High-confidence clean copy is displayed below the selected curriculum handout.
distress-tolerance-p015,2 Distress Tolerance.pdf,15,Progressive Muscle Relaxation: Nose to Toes,exercise,none,none,,,,,,No exact printed identifier/title match verified.,,,,false,unmatched,false,Current curriculum resource remains the only public copy.
distress-tolerance-p016,2 Distress Tolerance.pdf,16,Changing Body Chemistry with TIPP Skills,worksheet,matched,high,400,376,Distress Tolerance,Worksheet 4,Changing Body Chemistry with TIP Skills,Printed identifier and title agree; content visually verified against the reference-book PDF.,/resources/clean/distress-tolerance/distress-tolerance-worksheet-4-changing-body-chemistry-with-tip-skills-clean.pdf,linehan-book:distress-tolerance-p016,linehan-book,true,pending,false,High-confidence clean copy is displayed below the selected curriculum handout.
distress-tolerance-p018,2 Distress Tolerance.pdf,18,Distracting with Wise Mind ACCEPTS,handout,matched,high,357,333,Distress Tolerance,Handout 7,Distracting,Printed identifier and title agree; content visually verified against the reference-book PDF.,/resources/clean/distress-tolerance/distress-tolerance-handout-7-distracting-clean.pdf,linehan-book:distress-tolerance-p018,linehan-book,true,pending,false,High-confidence clean copy is displayed below the selected curriculum handout.
distress-tolerance-p019,2 Distress Tolerance.pdf,19,Wise Mind ACCEPTS Overview,reference,none,none,,,,,,No exact printed identifier/title match verified.,,,,false,unmatched,false,Current curriculum resource remains the only public copy.
distress-tolerance-p020,2 Distress Tolerance.pdf,20,Self-Soothing,handout,matched,high,358,334,Distress Tolerance,Handout 8,Self-Soothing,Printed identifier and title agree; content visually verified against the reference-book PDF.,/resources/clean/distress-tolerance/distress-tolerance-handout-8-self-soothing-clean.pdf,linehan-book:distress-tolerance-p020,linehan-book,true,pending,false,High-confidence clean copy is displayed below the selected curriculum handout.
distress-tolerance-p021,2 Distress Tolerance.pdf,21,Self-Soothing Practice,exercise,none,none,,,,,,No exact printed identifier/title match verified.,,,,false,unmatched,false,Current curriculum resource remains the only public copy.
distress-tolerance-p022,2 Distress Tolerance.pdf,22,Distracting with Wise Mind ACCEPTS,worksheet,matched,high,405,381,Distress Tolerance,Worksheet 5b,Distracting with Wise Mind ACCEPTS,Printed identifier and title agree; content visually verified against the reference-book PDF.,/resources/clean/distress-tolerance/distress-tolerance-worksheet-5b-distracting-with-wise-mind-accepts-clean.pdf,linehan-book:distress-tolerance-p022,linehan-book,true,pending,false,High-confidence clean copy is displayed below the selected curriculum handout.
distress-tolerance-p023,2 Distress Tolerance.pdf,23,Creating a Self-Soothing Kit,exercise,none,none,,,,,,No exact printed identifier/title match verified.,,,,false,unmatched,false,Current curriculum resource remains the only public copy.
distress-tolerance-p025,2 Distress Tolerance.pdf,25,Improving the Moment,handout,matched,high,360,336,Distress Tolerance,Handout 9,Improving the Moment,Printed identifier and title agree; content visually verified against the reference-book PDF.,/resources/clean/distress-tolerance/distress-tolerance-handout-9-improving-the-moment-clean.pdf,linehan-book:distress-tolerance-p025,linehan-book,true,pending,false,High-confidence clean copy is displayed below the selected curriculum handout.
distress-tolerance-p026,2 Distress Tolerance.pdf,26,One Thing in the Moment,exercise,none,none,,,,,,No exact printed identifier/title match verified.,,,,false,unmatched,false,Current curriculum resource remains the only public copy.
distress-tolerance-p027,2 Distress Tolerance.pdf,27,Peaceful Place Meditation,exercise,none,none,,,,,,No exact printed identifier/title match verified.,,,,false,unmatched,false,Current curriculum resource remains the only public copy.
distress-tolerance-p028,2 Distress Tolerance.pdf,28,IMPROVE Practice,worksheet,none,none,,,,,,No exact printed identifier/title match verified.,,,,false,unmatched,false,Current curriculum resource remains the only public copy.
distress-tolerance-p030,2 Distress Tolerance.pdf,30,Pros and Cons,handout,matched,high,352,328,Distress Tolerance,Handout 5,Pros and Cons,Printed identifier and title agree; content visually verified against the reference-book PDF.,/resources/clean/distress-tolerance/distress-tolerance-handout-5-pros-and-cons-clean.pdf,linehan-book:distress-tolerance-p030,linehan-book,true,pending,false,High-confidence clean copy is displayed below the selected curriculum handout.
distress-tolerance-p031,2 Distress Tolerance.pdf,31,Pros and Cons: How To,reference,none,none,,,,,,No exact printed identifier/title match verified.,,,,false,unmatched,false,Current curriculum resource remains the only public copy.
distress-tolerance-p032,2 Distress Tolerance.pdf,32,Pros and Cons of Acting on Crisis Urges,worksheet,matched,high,398,374,Distress Tolerance,Worksheet 3,Pros and Cons of Acting on Crisis Urges,Printed identifier and title agree; content visually verified against the reference-book PDF.,/resources/clean/distress-tolerance/distress-tolerance-worksheet-3-pros-and-cons-of-acting-on-crisis-urges-clean.pdf,linehan-book:distress-tolerance-p032,linehan-book,true,pending,false,High-confidence clean copy is displayed below the selected curriculum handout.
distress-tolerance-p033,2 Distress Tolerance.pdf,33,Pros and Cons Practice,exercise,none,none,,,,,,No exact printed identifier/title match verified.,,,,false,unmatched,false,Current curriculum resource remains the only public copy.
distress-tolerance-p035,2 Distress Tolerance.pdf,35,Dandelions,reference,none,none,,,,,,No exact printed identifier/title match verified.,,,,false,unmatched,false,Current curriculum resource remains the only public copy.
distress-tolerance-p036,2 Distress Tolerance.pdf,36,Developing the Skill of Radical Acceptance,exercise,none,none,,,,,,No exact printed identifier/title match verified.,,,,false,unmatched,false,Current curriculum resource remains the only public copy.
distress-tolerance-p037,2 Distress Tolerance.pdf,37,Radical Acceptance,handout,matched,high,366,342,Distress Tolerance,Handout 11,Radical Acceptance,Printed identifier and title agree; content visually verified against the reference-book PDF.,/resources/clean/distress-tolerance/distress-tolerance-handout-11-radical-acceptance-clean.pdf,linehan-book:distress-tolerance-p037,linehan-book,true,pending,false,High-confidence clean copy is displayed below the selected curriculum handout.
distress-tolerance-p038,2 Distress Tolerance.pdf,38,Radical Acceptance: Factors That Interfere,handout,matched,high,367,343,Distress Tolerance,Handout 11a,Radical Acceptance: Factors That Interfere,Printed identifier and title agree; content visually verified against the reference-book PDF.,/resources/clean/distress-tolerance/distress-tolerance-handout-11a-radical-acceptance-factors-that-interfere-clean.pdf,linehan-book:distress-tolerance-p038,linehan-book,true,pending,false,High-confidence clean copy is displayed below the selected curriculum handout.
distress-tolerance-p039,2 Distress Tolerance.pdf,39,Radical Acceptance Quick Reference,reference,none,none,,,,,,No exact printed identifier/title match verified.,,,,false,unmatched,false,Current curriculum resource remains the only public copy.
distress-tolerance-p040,2 Distress Tolerance.pdf,40,Practicing Radical Acceptance Step by Step,handout,matched,high,368,344,Distress Tolerance,Handout 11b,Practicing Radical Acceptance Step by Step,Printed identifier and title agree; content visually verified against the reference-book PDF.,/resources/clean/distress-tolerance/distress-tolerance-handout-11b-practicing-radical-acceptance-step-by-step-clean.pdf,linehan-book:distress-tolerance-p040,linehan-book,true,pending,false,High-confidence clean copy is displayed below the selected curriculum handout.
distress-tolerance-p041,2 Distress Tolerance.pdf,41,Half-Smiling and Willing Hands,handout,matched,high,371,347,Distress Tolerance,Handout 14,Half-Smiling and Willing Hands,Printed identifier and title agree; content visually verified against the reference-book PDF.,/resources/clean/distress-tolerance/distress-tolerance-handout-14-half-smiling-and-willing-hands-clean.pdf,linehan-book:distress-tolerance-p041,linehan-book,true,pending,false,High-confidence clean copy is displayed below the selected curriculum handout.
distress-tolerance-p043,2 Distress Tolerance.pdf,43,How to Solve a Problem,reference,none,none,,,,,,No exact printed identifier/title match verified.,,,,false,unmatched,false,Current curriculum resource remains the only public copy.
distress-tolerance-p044,2 Distress Tolerance.pdf,44,Three Parts of Radical Acceptance,reference,none,none,,,,,,No exact printed identifier/title match verified.,,,,false,unmatched,false,Current curriculum resource remains the only public copy.
distress-tolerance-p046,2 Distress Tolerance.pdf,46,Radical Acceptance Practice,worksheet,matched,high,418,394,Distress Tolerance,Worksheet 9,Radical Acceptance,Printed identifier and title agree; content visually verified against the reference-book PDF.,/resources/clean/distress-tolerance/distress-tolerance-worksheet-9-radical-acceptance-clean.pdf,linehan-book:distress-tolerance-p046,linehan-book,true,pending,false,High-confidence clean copy is displayed below the selected curriculum handout.
distress-tolerance-p047,2 Distress Tolerance.pdf,47,"Practicing Half-Smiling and Willing Hands, Part 1",handout,matched,high,372,348,Distress Tolerance,Handout 14a,Practicing Half-Smiling and Willing Hands (1 of 2),Printed identifier and title agree; content visually verified against the reference-book PDF.,/resources/clean/distress-tolerance/distress-tolerance-handout-14a-practicing-half-smiling-and-willing-hands-1-of-2-clean.pdf,linehan-book:distress-tolerance-p047,linehan-book,true,pending,false,High-confidence clean copy is displayed below the selected curriculum handout.
distress-tolerance-p048,2 Distress Tolerance.pdf,48,"Practicing Half-Smiling and Willing Hands, Part 2",handout,matched,high,373,349,Distress Tolerance,Handout 14a,Practicing Half-Smiling and Willing Hands (2 of 2),Printed identifier and title agree; content visually verified against the reference-book PDF.,/resources/clean/distress-tolerance/distress-tolerance-handout-14a-practicing-half-smiling-and-willing-hands-2-of-2-clean.pdf,linehan-book:distress-tolerance-p048,linehan-book,true,pending,false,High-confidence clean copy is displayed below the selected curriculum handout.
interpersonal-effectiveness-p003,4 Distress Tolerance.pdf,3,Understanding Boundaries,handout,none,none,,,,,,No exact printed identifier/title match verified.,,,,false,unmatched,false,Current curriculum resource remains the only public copy.
interpersonal-effectiveness-p004,4 Distress Tolerance.pdf,4,Identifying Your Boundaries,worksheet,none,none,,,,,,No exact printed identifier/title match verified.,,,,false,unmatched,false,Current curriculum resource remains the only public copy.
interpersonal-effectiveness-p005,4 Distress Tolerance.pdf,5,Characteristics of Healthy Relationships,reference,none,none,,,,,,No exact printed identifier/title match verified.,,,,false,unmatched,false,Current curriculum resource remains the only public copy.
interpersonal-effectiveness-p006,4 Distress Tolerance.pdf,6,Identifying My Personal Boundaries,exercise,none,none,,,,,,No exact printed identifier/title match verified.,,,,false,unmatched,false,Current curriculum resource remains the only public copy.
interpersonal-effectiveness-p007,4 Distress Tolerance.pdf,7,Understanding My Boundaries,exercise,none,none,,,,,,No exact printed identifier/title match verified.,,,,false,unmatched,false,Current curriculum resource remains the only public copy.
interpersonal-effectiveness-p009,4 Distress Tolerance.pdf,9,Factors in the Way of Interpersonal Effectiveness,handout,matched,high,142,118,Interpersonal Effectiveness,Handout 2,Factors in the Way of Interpersonal Effectiveness,Printed identifier and title agree; content visually verified against the reference-book PDF.,/resources/clean/interpersonal-effectiveness/interpersonal-effectiveness-handout-2-factors-in-the-way-of-interpersonal-effectiveness-clean.pdf,linehan-book:interpersonal-effectiveness-p009,linehan-book,true,pending,false,High-confidence clean copy is displayed below the selected curriculum handout.
interpersonal-effectiveness-p010,4 Distress Tolerance.pdf,10,Myths in the Way of Interpersonal Effectiveness,handout,matched,high,143,119,Interpersonal Effectiveness,Handout 2a,Myths in the Way of Interpersonal Effectiveness,Printed identifier and title agree; content visually verified against the reference-book PDF.,/resources/clean/interpersonal-effectiveness/interpersonal-effectiveness-handout-2a-myths-in-the-way-of-interpersonal-effectiveness-clean.pdf,linehan-book:interpersonal-effectiveness-p010,linehan-book,true,pending,false,High-confidence clean copy is displayed below the selected curriculum handout.
interpersonal-effectiveness-p011,4 Distress Tolerance.pdf,11,Challenging Myths: Objectives Effectiveness,worksheet,matched,high,192,168,Interpersonal Effectiveness,Worksheet 2,Challenging Myths in the Way of Obtaining Objectives,Printed identifier and title agree; content visually verified against the reference-book PDF.,/resources/clean/interpersonal-effectiveness/interpersonal-effectiveness-worksheet-2-challenging-myths-in-the-way-of-obtaining-objectives-clean.pdf,linehan-book:interpersonal-effectiveness-p011,linehan-book,true,pending,false,High-confidence clean copy is displayed below the selected curriculum handout.
interpersonal-effectiveness-p012,4 Distress Tolerance.pdf,12,Challenging Myths: Relationship and Self-Respect,worksheet,matched,high,193,169,Interpersonal Effectiveness,Worksheet 2,Challenging Myths in the Way of Relationship and Self-Respect Effectiveness,Printed identifier and title agree; content visually verified against the reference-book PDF.,/resources/clean/interpersonal-effectiveness/interpersonal-effectiveness-worksheet-2-challenging-myths-in-the-way-of-relationship-and-self-respect-effectiveness-clean.pdf,linehan-book:interpersonal-effectiveness-p012,linehan-book,true,pending,false,High-confidence clean copy is displayed below the selected curriculum handout.
interpersonal-effectiveness-p013,4 Distress Tolerance.pdf,13,Obtaining Objectives Skillfully,handout,matched,high,147,123,Interpersonal Effectiveness,Handout 3,Overview: Obtaining Objectives Skillfully,Printed identifier and title agree; content visually verified against the reference-book PDF.,/resources/clean/interpersonal-effectiveness/interpersonal-effectiveness-handout-3-overview-obtaining-objectives-skillfully-clean.pdf,linehan-book:interpersonal-effectiveness-p013,linehan-book,true,pending,false,High-confidence clean copy is displayed below the selected curriculum handout.
interpersonal-effectiveness-p014,4 Distress Tolerance.pdf,14,Clarifying Goals in Interpersonal Situations,handout,matched,high,148,124,Interpersonal Effectiveness,Handout 4,Clarifying Goals in Interpersonal Situations,Printed identifier and title agree; content visually verified against the reference-book PDF.,/resources/clean/interpersonal-effectiveness/interpersonal-effectiveness-handout-4-clarifying-goals-in-interpersonal-situations-clean.pdf,linehan-book:interpersonal-effectiveness-p014,linehan-book,true,pending,false,High-confidence clean copy is displayed below the selected curriculum handout.
interpersonal-effectiveness-p015,4 Distress Tolerance.pdf,15,Clarifying Priorities in Interpersonal Situations,worksheet,matched,high,197,173,Interpersonal Effectiveness,Worksheet 3,Clarifying Priorities in Interpersonal Situations,Printed identifier and title agree; content visually verified against the reference-book PDF.,/resources/clean/interpersonal-effectiveness/interpersonal-effectiveness-worksheet-3-clarifying-priorities-in-interpersonal-situations-clean.pdf,linehan-book:interpersonal-effectiveness-p015,linehan-book,true,pending,false,High-confidence clean copy is displayed below the selected curriculum handout.
interpersonal-effectiveness-p017,4 Distress Tolerance.pdf,17,"Guidelines for Objectives Effectiveness: DEAR MAN, Part 1",handout,matched,high,149,125,Interpersonal Effectiveness,Handout 5,Guidelines for Objectives Effectiveness: DEAR MAN (1 of 2),Printed identifier and title agree; content visually verified against the reference-book PDF.,/resources/clean/interpersonal-effectiveness/interpersonal-effectiveness-handout-5-guidelines-for-objectives-effectiveness-dear-man-1-of-2-clean.pdf,linehan-book:interpersonal-effectiveness-p017,linehan-book,true,pending,false,High-confidence clean copy is displayed below the selected curriculum handout.
interpersonal-effectiveness-p018,4 Distress Tolerance.pdf,18,"Guidelines for Objectives Effectiveness: DEAR MAN, Part 2",handout,matched,high,150,126,Interpersonal Effectiveness,Handout 5,Guidelines for Objectives Effectiveness: DEAR MAN (2 of 2),Printed identifier and title agree; content visually verified against the reference-book PDF.,/resources/clean/interpersonal-effectiveness/interpersonal-effectiveness-handout-5-guidelines-for-objectives-effectiveness-dear-man-2-of-2-clean.pdf,linehan-book:interpersonal-effectiveness-p018,linehan-book,true,pending,false,High-confidence clean copy is displayed below the selected curriculum handout.
interpersonal-effectiveness-p019,4 Distress Tolerance.pdf,19,Applying DEAR MAN Skills to a Difficult Interaction,handout,matched,high,151,127,Interpersonal Effectiveness,Handout 5a,Applying DEAR MAN Skills to a Difficult Current Interaction,Printed identifier and title agree; content visually verified against the reference-book PDF.,/resources/clean/interpersonal-effectiveness/interpersonal-effectiveness-handout-5a-applying-dear-man-skills-to-a-difficult-current-interaction-clean.pdf,linehan-book:interpersonal-effectiveness-p019,linehan-book,true,pending,false,High-confidence clean copy is displayed below the selected curriculum handout.
interpersonal-effectiveness-p020,4 Distress Tolerance.pdf,20,DEAR MAN Script,worksheet,candidate,candidate,198,174,Interpersonal Effectiveness,Worksheet 4,Writing Out Interpersonal Effectiveness Scripts,"Conceptually related page found, but printed title or page sequence is not an exact one-to-one match.",,,,false,possible,true,Review needed; candidate is not published.
interpersonal-effectiveness-p022,4 Distress Tolerance.pdf,22,Finding and Maintaining Relationships,exercise,none,none,,,,,,No exact printed identifier/title match verified.,,,,false,unmatched,false,Current curriculum resource remains the only public copy.
interpersonal-effectiveness-p023,4 Distress Tolerance.pdf,23,Guidelines for Relationship Effectiveness: GIVE,handout,matched,high,152,128,Interpersonal Effectiveness,Handout 6,Guidelines for Relationship Effectiveness: GIVE,Printed identifier and title agree; content visually verified against the reference-book PDF.,/resources/clean/interpersonal-effectiveness/interpersonal-effectiveness-handout-6-guidelines-for-relationship-effectiveness-give-clean.pdf,linehan-book:interpersonal-effectiveness-p023,linehan-book,true,pending,false,High-confidence clean copy is displayed below the selected curriculum handout.
interpersonal-effectiveness-p024,4 Distress Tolerance.pdf,24,Levels of Validation,handout,matched,high,153,129,Interpersonal Effectiveness,Handout 6a,Expanding the V in GIVE: Levels of Validation,Printed identifier and title agree; content visually verified against the reference-book PDF.,/resources/clean/interpersonal-effectiveness/interpersonal-effectiveness-handout-6a-expanding-the-v-in-give-levels-of-validation-clean.pdf,linehan-book:interpersonal-effectiveness-p024,linehan-book,true,pending,false,High-confidence clean copy is displayed below the selected curriculum handout.
interpersonal-effectiveness-p025,4 Distress Tolerance.pdf,25,A Few Words About Validation,reference,none,none,,,,,,No exact printed identifier/title match verified.,,,,false,unmatched,false,Current curriculum resource remains the only public copy.
interpersonal-effectiveness-p026,4 Distress Tolerance.pdf,26,Validation Expressions,reference,none,none,,,,,,No exact printed identifier/title match verified.,,,,false,unmatched,false,Current curriculum resource remains the only public copy.
interpersonal-effectiveness-p027,4 Distress Tolerance.pdf,27,The Four Horsemen and Their Antidotes,reference,none,none,,,,,,No exact printed identifier/title match verified.,,,,false,unmatched,false,Current curriculum resource remains the only public copy.
interpersonal-effectiveness-p028,4 Distress Tolerance.pdf,28,DEAR + GIVE Script,worksheet,candidate,candidate,198,174,Interpersonal Effectiveness,Worksheet 4,Writing Out Interpersonal Effectiveness Scripts,"Conceptually related page found, but printed title or page sequence is not an exact one-to-one match.",,,,false,possible,true,Review needed; candidate is not published.
interpersonal-effectiveness-p031,4 Distress Tolerance.pdf,31,Self-Respect Effectiveness Reflection,exercise,none,none,,,,,,No exact printed identifier/title match verified.,,,,false,unmatched,false,Current curriculum resource remains the only public copy.
interpersonal-effectiveness-p032,4 Distress Tolerance.pdf,32,A Bill of Assertive Rights,reference,none,none,,,,,,No exact printed identifier/title match verified.,,,,false,unmatched,false,Current curriculum resource remains the only public copy.
interpersonal-effectiveness-p033,4 Distress Tolerance.pdf,33,Guidelines for Self-Respect Effectiveness: FAST,handout,matched,high,154,130,Interpersonal Effectiveness,Handout 7,Guidelines for Self-Respect Effectiveness: FAST,Printed identifier and title agree; content visually verified against the reference-book PDF.,/resources/clean/interpersonal-effectiveness/interpersonal-effectiveness-handout-7-guidelines-for-self-respect-effectiveness-fast-clean.pdf,linehan-book:interpersonal-effectiveness-p033,linehan-book,true,pending,false,High-confidence clean copy is displayed below the selected curriculum handout.
interpersonal-effectiveness-p034,4 Distress Tolerance.pdf,34,Apologizing Effectively,reference,none,none,,,,,,No exact printed identifier/title match verified.,,,,false,unmatched,false,Current curriculum resource remains the only public copy.
interpersonal-effectiveness-p035,4 Distress Tolerance.pdf,35,DEAR + FAST Script,worksheet,candidate,candidate,198,174,Interpersonal Effectiveness,Worksheet 4,Writing Out Interpersonal Effectiveness Scripts,"Conceptually related page found, but printed title or page sequence is not an exact one-to-one match.",,,,false,possible,true,Review needed; candidate is not published.
interpersonal-effectiveness-p037,4 Distress Tolerance.pdf,37,"How Intensely to Ask or Say No, Part 1",handout,matched,high,155,131,Interpersonal Effectiveness,Handout 8,Evaluating Options for Whether or How Intensely to Ask or Say No (1 of 3),Printed identifier and title agree; content visually verified against the reference-book PDF.,/resources/clean/interpersonal-effectiveness/interpersonal-effectiveness-handout-8-evaluating-options-for-whether-or-how-intensely-to-ask-or-say-no-1-of-3-clean.pdf,linehan-book:interpersonal-effectiveness-p037,linehan-book,true,pending,false,High-confidence clean copy is displayed below the selected curriculum handout.
interpersonal-effectiveness-p038,4 Distress Tolerance.pdf,38,"How Intensely to Ask or Say No, Part 2",handout,matched,high,156,132,Interpersonal Effectiveness,Handout 8,Factors to Consider (2 of 3),Printed identifier and title agree; content visually verified against the reference-book PDF.,/resources/clean/interpersonal-effectiveness/interpersonal-effectiveness-handout-8-factors-to-consider-2-of-3-clean.pdf,linehan-book:interpersonal-effectiveness-p038,linehan-book,true,pending,false,High-confidence clean copy is displayed below the selected curriculum handout.
interpersonal-effectiveness-p039,4 Distress Tolerance.pdf,39,"How Intensely to Ask or Say No, Part 3",handout,matched,high,157,133,Interpersonal Effectiveness,Handout 8,Factors to Consider (3 of 3),Printed identifier and title agree; content visually verified against the reference-book PDF.,/resources/clean/interpersonal-effectiveness/interpersonal-effectiveness-handout-8-factors-to-consider-3-of-3-clean.pdf,linehan-book:interpersonal-effectiveness-p039,linehan-book,true,pending,false,High-confidence clean copy is displayed below the selected curriculum handout.
interpersonal-effectiveness-p040,4 Distress Tolerance.pdf,40,"Troubleshooting Interpersonal Effectiveness, Part 1",handout,matched,high,158,134,Interpersonal Effectiveness,Handout 9,Troubleshooting: When What You Are Doing Is Not Working (1 of 2),Printed identifier and title agree; content visually verified against the reference-book PDF.,/resources/clean/interpersonal-effectiveness/interpersonal-effectiveness-handout-9-troubleshooting-when-what-you-are-doing-is-not-working-1-of-2-clean.pdf,linehan-book:interpersonal-effectiveness-p040,linehan-book,true,pending,false,High-confidence clean copy is displayed below the selected curriculum handout.
interpersonal-effectiveness-p041,4 Distress Tolerance.pdf,41,"Troubleshooting Interpersonal Effectiveness, Part 2",handout,matched,high,159,135,Interpersonal Effectiveness,Handout 9,Troubleshooting: When What You Are Doing Is Not Working (2 of 2),Printed identifier and title agree; content visually verified against the reference-book PDF.,/resources/clean/interpersonal-effectiveness/interpersonal-effectiveness-handout-9-troubleshooting-when-what-you-are-doing-is-not-working-2-of-2-clean.pdf,linehan-book:interpersonal-effectiveness-p041,linehan-book,true,pending,false,High-confidence clean copy is displayed below the selected curriculum handout.
interpersonal-effectiveness-p042,4 Distress Tolerance.pdf,42,"Troubleshooting Interpersonal Effectiveness Skills, Part 1",worksheet,matched,high,202,178,Interpersonal Effectiveness,Worksheet 7,Troubleshooting Interpersonal Effectiveness Skills (1 of 2),Printed identifier and title agree; content visually verified against the reference-book PDF.,/resources/clean/interpersonal-effectiveness/interpersonal-effectiveness-worksheet-7-troubleshooting-interpersonal-effectiveness-skills-1-of-2-clean.pdf,linehan-book:interpersonal-effectiveness-p042,linehan-book,true,pending,false,High-confidence clean copy is displayed below the selected curriculum handout.
interpersonal-effectiveness-p043,4 Distress Tolerance.pdf,43,"Troubleshooting Interpersonal Effectiveness Skills, Part 2",worksheet,matched,high,203,179,Interpersonal Effectiveness,Worksheet 7,Troubleshooting Interpersonal Effectiveness Skills (2 of 2),Printed identifier and title agree; content visually verified against the reference-book PDF.,/resources/clean/interpersonal-effectiveness/interpersonal-effectiveness-worksheet-7-troubleshooting-interpersonal-effectiveness-skills-2-of-2-clean.pdf,linehan-book:interpersonal-effectiveness-p043,linehan-book,true,pending,false,High-confidence clean copy is displayed below the selected curriculum handout.
interpersonal-effectiveness-p044,4 Distress Tolerance.pdf,44,Dialectics: Acceptance and Change,reference,none,none,,,,,,No exact printed identifier/title match verified.,,,,false,unmatched,false,Current curriculum resource remains the only public copy.
interpersonal-effectiveness-p045,4 Distress Tolerance.pdf,45,Walking the Middle Path,handout,matched,high,98,74,Mindfulness,Handout 10,Walking the Middle Path: Finding the Synthesis between Opposites,Printed identifier and title agree; content visually verified against the reference-book PDF.,/resources/clean/mindfulness/mindfulness-handout-10-walking-the-middle-path-finding-the-synthesis-between-opposites-clean.pdf,linehan-book:interpersonal-effectiveness-p045,linehan-book,true,pending,false,High-confidence clean copy is displayed below the selected curriculum handout.
interpersonal-effectiveness-p046,4 Distress Tolerance.pdf,46,Identifying Mindfulness of Others,worksheet,matched,high,168,144,Interpersonal Effectiveness,Handout 12a,Identifying Mindfulness of Others,Printed identifier and title agree; content visually verified against the reference-book PDF.,/resources/clean/interpersonal-effectiveness/interpersonal-effectiveness-handout-12a-identifying-mindfulness-of-others-clean.pdf,linehan-book:interpersonal-effectiveness-p046,linehan-book,true,pending,false,High-confidence clean copy is displayed below the selected curriculum handout.
interpersonal-effectiveness-p047,4 Distress Tolerance.pdf,47,Opposite Sides That Can Both Be True,worksheet,matched,high,176,152,Interpersonal Effectiveness,Handout 16a,Examples of Opposite Sides That Can Both Be True,Printed identifier and title agree; content visually verified against the reference-book PDF.,/resources/clean/interpersonal-effectiveness/interpersonal-effectiveness-handout-16a-examples-of-opposite-sides-that-can-both-be-true-clean.pdf,linehan-book:interpersonal-effectiveness-p047,linehan-book,true,pending,false,High-confidence clean copy is displayed below the selected curriculum handout.
interpersonal-effectiveness-p048,4 Distress Tolerance.pdf,48,Important Opposites to Balance,worksheet,matched,high,177,153,Interpersonal Effectiveness,Handout 16b,Important Opposites to Balance,Printed identifier and title agree; content visually verified against the reference-book PDF.,/resources/clean/interpersonal-effectiveness/interpersonal-effectiveness-handout-16b-important-opposites-to-balance-clean.pdf,linehan-book:interpersonal-effectiveness-p048,linehan-book,true,pending,false,High-confidence clean copy is displayed below the selected curriculum handout.
interpersonal-effectiveness-p049,4 Distress Tolerance.pdf,49,Identifying Dialectics,worksheet,matched,high,178,154,Interpersonal Effectiveness,Handout 16c,Identifying Dialectics,Printed identifier and title agree; content visually verified against the reference-book PDF.,/resources/clean/interpersonal-effectiveness/interpersonal-effectiveness-handout-16c-identifying-dialectics-clean.pdf,linehan-book:interpersonal-effectiveness-p049,linehan-book,true,pending,false,High-confidence clean copy is displayed below the selected curriculum handout.
wellness-p002,5 Wellness.pdf,2,Taking Care of Your Mind by Taking Care of Your Body,handout,matched,high,281,257,Emotion Regulation,Handout 20,Taking Care of Your Mind by Taking Care of Your Body,Printed identifier and title agree; content visually verified against the reference-book PDF.,/resources/clean/emotion-regulation/emotion-regulation-handout-20-taking-care-of-your-mind-by-taking-care-of-your-body-clean.pdf,linehan-book:wellness-p002,linehan-book,true,pending,false,High-confidence clean copy is displayed below the selected curriculum handout.
wellness-p004,5 Wellness.pdf,4,Exploring Sleep,exercise,none,none,,,,,,No exact printed identifier/title match verified.,,,,false,unmatched,false,Current curriculum resource remains the only public copy.
wellness-p005,5 Wellness.pdf,5,Understanding Sleep,reference,none,none,,,,,,No exact printed identifier/title match verified.,,,,false,unmatched,false,Current curriculum resource remains the only public copy.
wellness-p006,5 Wellness.pdf,6,The Five Stages of Sleep,reference,none,none,,,,,,No exact printed identifier/title match verified.,,,,false,unmatched,false,Current curriculum resource remains the only public copy.
wellness-p007,5 Wellness.pdf,7,Additional Sleep Hygiene Tips,handout,none,none,,,,,,No exact printed identifier/title match verified.,,,,false,unmatched,false,Current curriculum resource remains the only public copy.
wellness-p008,5 Wellness.pdf,8,Sleep Hygiene Practice Sheet,worksheet,matched,high,331,307,Emotion Regulation,Worksheet 14b,Sleep Hygiene Practice Sheet,Printed identifier and title agree; content visually verified against the reference-book PDF.,/resources/clean/emotion-regulation/emotion-regulation-worksheet-14b-sleep-hygiene-practice-sheet-clean.pdf,linehan-book:wellness-p008,linehan-book,true,pending,false,High-confidence clean copy is displayed below the selected curriculum handout.
wellness-p010,5 Wellness.pdf,10,The First Vicious Cycle,reference,none,none,,,,,,No exact printed identifier/title match verified.,,,,false,unmatched,false,Current curriculum resource remains the only public copy.
wellness-p011,5 Wellness.pdf,11,The Second Vicious Cycle,reference,none,none,,,,,,No exact printed identifier/title match verified.,,,,false,unmatched,false,Current curriculum resource remains the only public copy.
wellness-p012,5 Wellness.pdf,12,Your Cycles,worksheet,none,none,,,,,,No exact printed identifier/title match verified.,,,,false,unmatched,false,Current curriculum resource remains the only public copy.
wellness-p013,5 Wellness.pdf,13,The Upward Spiral of Behavioural Activation,handout,none,none,,,,,,No exact printed identifier/title match verified.,,,,false,unmatched,false,Current curriculum resource remains the only public copy.
wellness-p014,5 Wellness.pdf,14,What Is Behaviour Activation?,handout,none,none,,,,,,No exact printed identifier/title match verified.,,,,false,unmatched,false,Current curriculum resource remains the only public copy.
wellness-p015,5 Wellness.pdf,15,Behaviour Activation: Battery vs. Generator,handout,none,none,,,,,,No exact printed identifier/title match verified.,,,,false,unmatched,false,Current curriculum resource remains the only public copy.
wellness-p016,5 Wellness.pdf,16,"Behavioural Activation Tips, Part 1",handout,none,none,,,,,,No exact printed identifier/title match verified.,,,,false,unmatched,false,Current curriculum resource remains the only public copy.
wellness-p017,5 Wellness.pdf,17,"Behavioural Activation Tips, Part 2",handout,none,none,,,,,,No exact printed identifier/title match verified.,,,,false,unmatched,false,Current curriculum resource remains the only public copy.
wellness-p018,5 Wellness.pdf,18,"Behavioural Activation Tips, Part 3",handout,none,none,,,,,,No exact printed identifier/title match verified.,,,,false,unmatched,false,Current curriculum resource remains the only public copy.
wellness-p019,5 Wellness.pdf,19,Activity Monitoring Worksheet,worksheet,none,none,,,,,,No exact printed identifier/title match verified.,,,,false,unmatched,false,Current curriculum resource remains the only public copy.
wellness-p020,5 Wellness.pdf,20,Activity Planning Worksheet,worksheet,none,none,,,,,,No exact printed identifier/title match verified.,,,,false,unmatched,false,Current curriculum resource remains the only public copy.
wellness-p021,5 Wellness.pdf,21,Behavioural Activation Barriers and Resources,worksheet,none,none,,,,,,No exact printed identifier/title match verified.,,,,false,unmatched,false,Current curriculum resource remains the only public copy.
wellness-p023,5 Wellness.pdf,23,Analyzing Behaviour,handout,matched,high,43,19,General,Handout 6,Overview: Analyzing Behavior,Printed identifier and title agree; content visually verified against the reference-book PDF.,/resources/clean/general/general-handout-6-overview-analyzing-behavior-clean.pdf,linehan-book:wellness-p023,linehan-book,true,pending,false,High-confidence clean copy is displayed below the selected curriculum handout.
wellness-p024,5 Wellness.pdf,24,The Behaviour Chain Analysis,reference,candidate,candidate,44,20,General,Handout 7,Chain Analysis,"Conceptually related page found, but printed title or page sequence is not an exact one-to-one match.",,,,false,possible,true,Review needed; candidate is not published.
wellness-p025,5 Wellness.pdf,25,"Behaviour Chain Analysis Example, Part 1",reference,none,none,,,,,,No exact printed identifier/title match verified.,,,,false,unmatched,false,Current curriculum resource remains the only public copy.
wellness-p026,5 Wellness.pdf,26,"Behaviour Chain Analysis Example, Part 2",reference,none,none,,,,,,No exact printed identifier/title match verified.,,,,false,unmatched,false,Current curriculum resource remains the only public copy.
wellness-p027,5 Wellness.pdf,27,"Behaviour Chain Analysis Example, Part 3",reference,none,none,,,,,,No exact printed identifier/title match verified.,,,,false,unmatched,false,Current curriculum resource remains the only public copy.
wellness-p028,5 Wellness.pdf,28,"Behaviour Chain Analysis Worksheet, Part 1",worksheet,none,none,,,,,,No exact printed identifier/title match verified.,,,,false,unmatched,false,Current curriculum resource remains the only public copy.
wellness-p029,5 Wellness.pdf,29,"Behaviour Chain Analysis Worksheet, Part 2",worksheet,none,none,,,,,,No exact printed identifier/title match verified.,,,,false,unmatched,false,Current curriculum resource remains the only public copy.
wellness-p030,5 Wellness.pdf,30,"Behaviour Chain Analysis Worksheet, Part 3",worksheet,none,none,,,,,,No exact printed identifier/title match verified.,,,,false,unmatched,false,Current curriculum resource remains the only public copy.
wellness-p031,5 Wellness.pdf,31,Behaviour Chain Analysis Map,worksheet,none,none,,,,,,No exact printed identifier/title match verified.,,,,false,unmatched,false,Current curriculum resource remains the only public copy.
wellness-p032,5 Wellness.pdf,32,Missing-Links Analysis,worksheet,matched,high,62,38,General,Worksheet 3,Missing-Links Analysis,Printed identifier and title agree; content visually verified against the reference-book PDF.,/resources/clean/general/general-worksheet-3-missing-links-analysis-clean.pdf,linehan-book:wellness-p032,linehan-book,true,pending,false,High-confidence clean copy is displayed below the selected curriculum handout.
wellness-p034,5 Wellness.pdf,34,Effects of Substance Use,reference,none,none,,,,,,No exact printed identifier/title match verified.,,,,false,unmatched,false,Current curriculum resource remains the only public copy.
wellness-p035,5 Wellness.pdf,35,Signs of Maladaptive Coping,reference,none,none,,,,,,No exact printed identifier/title match verified.,,,,false,unmatched,false,Current curriculum resource remains the only public copy.
wellness-p036,5 Wellness.pdf,36,Stages of Change,handout,none,none,,,,,,No exact printed identifier/title match verified.,,,,false,unmatched,false,Current curriculum resource remains the only public copy.
wellness-p037,5 Wellness.pdf,37,"Stages of Change Worksheet, Part 1",worksheet,none,none,,,,,,No exact printed identifier/title match verified.,,,,false,unmatched,false,Current curriculum resource remains the only public copy.
wellness-p038,5 Wellness.pdf,38,"Stages of Change Worksheet, Part 2",worksheet,none,none,,,,,,No exact printed identifier/title match verified.,,,,false,unmatched,false,Current curriculum resource remains the only public copy.
wellness-p039,5 Wellness.pdf,39,"Stages of Change Worksheet, Part 3",worksheet,none,none,,,,,,No exact printed identifier/title match verified.,,,,false,unmatched,false,Current curriculum resource remains the only public copy.
wellness-p040,5 Wellness.pdf,40,Naloxone: Save a Life,reference,none,none,,,,,,No exact printed identifier/title match verified.,,,,false,unmatched,false,Current curriculum resource remains the only public copy.
wellness-p041,5 Wellness.pdf,41,Opioid Overdoses: What to Do,reference,none,none,,,,,,No exact printed identifier/title match verified.,,,,false,unmatched,false,Current curriculum resource remains the only public copy.
wellness-p043,5 Wellness.pdf,43,"Seven Tips for Balanced Eating, Part 1",handout,none,none,,,,,,No exact printed identifier/title match verified.,,,,false,unmatched,false,Current curriculum resource remains the only public copy.
wellness-p044,5 Wellness.pdf,44,"Seven Tips for Balanced Eating, Part 2",handout,none,none,,,,,,No exact printed identifier/title match verified.,,,,false,unmatched,false,Current curriculum resource remains the only public copy.
wellness-p045,5 Wellness.pdf,45,Eating Well on a Budget,reference,none,none,,,,,,No exact printed identifier/title match verified.,,,,false,unmatched,false,Current curriculum resource remains the only public copy.
wellness-p046,5 Wellness.pdf,46,"Canada's Food Guide: Eat Well, Live Well",reference,none,none,,,,,,No exact printed identifier/title match verified.,,,,false,unmatched,false,Current curriculum resource remains the only public copy.
wellness-p047,5 Wellness.pdf,47,Healthy Eating Is More Than the Foods You Eat,reference,none,none,,,,,,No exact printed identifier/title match verified.,,,,false,unmatched,false,Current curriculum resource remains the only public copy.
wellness-p048,5 Wellness.pdf,48,Estimating Portion Sizes,reference,none,none,,,,,,No exact printed identifier/title match verified.,,,,false,unmatched,false,Current curriculum resource remains the only public copy.
wellness-p049,5 Wellness.pdf,49,Weekly Food Journal,worksheet,none,none,,,,,,No exact printed identifier/title match verified.,,,,false,unmatched,false,Current curriculum resource remains the only public copy.
wellness-p050,5 Wellness.pdf,50,Weekly Meal Plan,worksheet,none,none,,,,,,No exact printed identifier/title match verified.,,,,false,unmatched,false,Current curriculum resource remains the only public copy.
wellness-p052,5 Wellness.pdf,52,Doctor Appointment Barriers,exercise,none,none,,,,,,No exact printed identifier/title match verified.,,,,false,unmatched,false,Current curriculum resource remains the only public copy.
wellness-p053,5 Wellness.pdf,53,Tips for Managing Appointments,handout,none,none,,,,,,No exact printed identifier/title match verified.,,,,false,unmatched,false,Current curriculum resource remains the only public copy.
wellness-p054,5 Wellness.pdf,54,Questions for Your Doctor and Appointment Reminder,worksheet,none,none,,,,,,No exact printed identifier/title match verified.,,,,false,unmatched,false,Current curriculum resource remains the only public copy.
wellness-p055,5 Wellness.pdf,55,"Myths About Psychiatric Medication, Part 1",handout,none,none,,,,,,No exact printed identifier/title match verified.,,,,false,unmatched,false,Current curriculum resource remains the only public copy.
wellness-p056,5 Wellness.pdf,56,"Myths About Psychiatric Medication, Part 2",handout,none,none,,,,,,No exact printed identifier/title match verified.,,,,false,unmatched,false,Current curriculum resource remains the only public copy.
wellness-p057,5 Wellness.pdf,57,Medication Reminder Tools,reference,none,none,,,,,,No exact printed identifier/title match verified.,,,,false,unmatched,false,Current curriculum resource remains the only public copy.
wellness-p058,5 Wellness.pdf,58,Medication Organizers,reference,none,none,,,,,,No exact printed identifier/title match verified.,,,,false,unmatched,false,Current curriculum resource remains the only public copy.
wellness-p059,5 Wellness.pdf,59,Alarms and Medication Dispensers,reference,none,none,,,,,,No exact printed identifier/title match verified.,,,,false,unmatched,false,Current curriculum resource remains the only public copy.
wellness-p060,5 Wellness.pdf,60,My Current Medications,worksheet,none,none,,,,,,No exact printed identifier/title match verified.,,,,false,unmatched,false,Current curriculum resource remains the only public copy.
wellness-p061,5 Wellness.pdf,61,My Current Medications: Extended,worksheet,none,none,,,,,,No exact printed identifier/title match verified.,,,,false,unmatched,false,Current curriculum resource remains the only public copy.
wellness-p062,5 Wellness.pdf,62,Health Care Connect,reference,none,none,,,,,,No exact printed identifier/title match verified.,,,,false,unmatched,false,Current curriculum resource remains the only public copy.
emotion-regulation-p003,6 Emotional Regulation.pdf,3,Basic Functions of Emotions,reference,none,none,,,,,,No exact printed identifier/title match verified.,,,,false,unmatched,false,Current curriculum resource remains the only public copy.
emotion-regulation-p004,6 Emotional Regulation.pdf,4,Goals of Emotion Regulation,handout,matched,high,229,205,Emotion Regulation,Handout 1,Goals of Emotion Regulation,Printed identifier and title agree; content visually verified against the reference-book PDF.,/resources/clean/emotion-regulation/emotion-regulation-handout-1-goals-of-emotion-regulation-clean.pdf,linehan-book:emotion-regulation-p004,linehan-book,true,pending,false,High-confidence clean copy is displayed below the selected curriculum handout.
emotion-regulation-p005,6 Emotional Regulation.pdf,5,What Emotions Do for You,handout,matched,high,234,210,Emotion Regulation,Handout 3,What Emotions Do for You,Printed identifier and title agree; content visually verified against the reference-book PDF.,/resources/clean/emotion-regulation/emotion-regulation-handout-3-what-emotions-do-for-you-clean.pdf,linehan-book:emotion-regulation-p005,linehan-book,true,pending,false,High-confidence clean copy is displayed below the selected curriculum handout.
emotion-regulation-p006,6 Emotional Regulation.pdf,6,What Makes It Hard to Regulate Your Emotions,handout,matched,high,235,211,Emotion Regulation,Handout 4,What Makes It Hard to Regulate Your Emotions,Printed identifier and title agree; content visually verified against the reference-book PDF.,/resources/clean/emotion-regulation/emotion-regulation-handout-4-what-makes-it-hard-to-regulate-your-emotions-clean.pdf,linehan-book:emotion-regulation-p006,linehan-book,true,pending,false,High-confidence clean copy is displayed below the selected curriculum handout.
emotion-regulation-p007,6 Emotional Regulation.pdf,7,Myths About Emotions,worksheet,matched,high,236,212,Emotion Regulation,Handout 4a,Myths about Emotions,Printed identifier and title agree; content visually verified against the reference-book PDF.,/resources/clean/emotion-regulation/emotion-regulation-handout-4a-myths-about-emotions-clean.pdf,linehan-book:emotion-regulation-p007,linehan-book,true,pending,false,High-confidence clean copy is displayed below the selected curriculum handout.
emotion-regulation-p008,6 Emotional Regulation.pdf,8,Emotion Diary Example,reference,matched,high,302,278,Emotion Regulation,Worksheet 2c,Example: Emotion Diary,Printed identifier and title agree; content visually verified against the reference-book PDF.,/resources/clean/emotion-regulation/emotion-regulation-worksheet-2c-example-emotion-diary-clean.pdf,linehan-book:emotion-regulation-p008,linehan-book,true,pending,false,High-confidence clean copy is displayed below the selected curriculum handout.
emotion-regulation-p009,6 Emotional Regulation.pdf,9,Emotion Diary,worksheet,matched,high,301,277,Emotion Regulation,Worksheet 2b,Emotion Diary,Printed identifier and title agree; content visually verified against the reference-book PDF.,/resources/clean/emotion-regulation/emotion-regulation-worksheet-2b-emotion-diary-clean.pdf,linehan-book:emotion-regulation-p009,linehan-book,true,pending,false,High-confidence clean copy is displayed below the selected curriculum handout.
emotion-regulation-p011,6 Emotional Regulation.pdf,11,Learning About Emotions,exercise,none,none,,,,,,No exact printed identifier/title match verified.,,,,false,unmatched,false,Current curriculum resource remains the only public copy.
emotion-regulation-p012,6 Emotional Regulation.pdf,12,Model for Describing Emotions,reference,matched,high,237,213,Emotion Regulation,Handout 5,Model for Describing Emotions,Printed identifier and title agree; content visually verified against the reference-book PDF.,/resources/clean/emotion-regulation/emotion-regulation-handout-5-model-for-describing-emotions-clean.pdf,linehan-book:emotion-regulation-p012,linehan-book,true,pending,false,High-confidence clean copy is displayed below the selected curriculum handout.
emotion-regulation-p014,6 Emotional Regulation.pdf,14,Ways to Describe Emotions: Anger,handout,matched,high,238,214,Emotion Regulation,Handout 6,Ways to Describe Emotions: Anger,Printed identifier and title agree; content visually verified against the reference-book PDF.,/resources/clean/emotion-regulation/emotion-regulation-handout-6-ways-to-describe-emotions-anger-clean.pdf,linehan-book:emotion-regulation-p014,linehan-book,true,pending,false,High-confidence clean copy is displayed below the selected curriculum handout.
emotion-regulation-p015,6 Emotional Regulation.pdf,15,Ways to Describe Emotions: Disgust,handout,matched,high,239,215,Emotion Regulation,Handout 6,Ways to Describe Emotions: Disgust,Printed identifier and title agree; content visually verified against the reference-book PDF.,/resources/clean/emotion-regulation/emotion-regulation-handout-6-ways-to-describe-emotions-disgust-clean.pdf,linehan-book:emotion-regulation-p015,linehan-book,true,pending,false,High-confidence clean copy is displayed below the selected curriculum handout.
emotion-regulation-p016,6 Emotional Regulation.pdf,16,Ways to Describe Emotions: Envy,handout,matched,high,240,216,Emotion Regulation,Handout 6,Ways to Describe Emotions: Envy,Printed identifier and title agree; content visually verified against the reference-book PDF.,/resources/clean/emotion-regulation/emotion-regulation-handout-6-ways-to-describe-emotions-envy-clean.pdf,linehan-book:emotion-regulation-p016,linehan-book,true,pending,false,High-confidence clean copy is displayed below the selected curriculum handout.
emotion-regulation-p017,6 Emotional Regulation.pdf,17,Ways to Describe Emotions: Fear,handout,matched,high,241,217,Emotion Regulation,Handout 6,Ways to Describe Emotions: Fear,Printed identifier and title agree; content visually verified against the reference-book PDF.,/resources/clean/emotion-regulation/emotion-regulation-handout-6-ways-to-describe-emotions-fear-clean.pdf,linehan-book:emotion-regulation-p017,linehan-book,true,pending,false,High-confidence clean copy is displayed below the selected curriculum handout.
emotion-regulation-p018,6 Emotional Regulation.pdf,18,Ways to Describe Emotions: Happiness,handout,matched,high,242,218,Emotion Regulation,Handout 6,Ways to Describe Emotions: Happiness,Printed identifier and title agree; content visually verified against the reference-book PDF.,/resources/clean/emotion-regulation/emotion-regulation-handout-6-ways-to-describe-emotions-happiness-clean.pdf,linehan-book:emotion-regulation-p018,linehan-book,true,pending,false,High-confidence clean copy is displayed below the selected curriculum handout.
emotion-regulation-p019,6 Emotional Regulation.pdf,19,Ways to Describe Emotions: Jealousy,handout,matched,high,243,219,Emotion Regulation,Handout 6,Ways to Describe Emotions: Jealousy,Printed identifier and title agree; content visually verified against the reference-book PDF.,/resources/clean/emotion-regulation/emotion-regulation-handout-6-ways-to-describe-emotions-jealousy-clean.pdf,linehan-book:emotion-regulation-p019,linehan-book,true,pending,false,High-confidence clean copy is displayed below the selected curriculum handout.
emotion-regulation-p020,6 Emotional Regulation.pdf,20,Ways to Describe Emotions: Love,handout,matched,high,244,220,Emotion Regulation,Handout 6,Ways to Describe Emotions: Love,Printed identifier and title agree; content visually verified against the reference-book PDF.,/resources/clean/emotion-regulation/emotion-regulation-handout-6-ways-to-describe-emotions-love-clean.pdf,linehan-book:emotion-regulation-p020,linehan-book,true,pending,false,High-confidence clean copy is displayed below the selected curriculum handout.
emotion-regulation-p021,6 Emotional Regulation.pdf,21,Ways to Describe Emotions: Sadness,handout,matched,high,245,221,Emotion Regulation,Handout 6,Ways to Describe Emotions: Sadness,Printed identifier and title agree; content visually verified against the reference-book PDF.,/resources/clean/emotion-regulation/emotion-regulation-handout-6-ways-to-describe-emotions-sadness-clean.pdf,linehan-book:emotion-regulation-p021,linehan-book,true,pending,false,High-confidence clean copy is displayed below the selected curriculum handout.
emotion-regulation-p022,6 Emotional Regulation.pdf,22,Ways to Describe Emotions: Shame,handout,matched,high,246,222,Emotion Regulation,Handout 6,Ways to Describe Emotions: Shame,Printed identifier and title agree; content visually verified against the reference-book PDF.,/resources/clean/emotion-regulation/emotion-regulation-handout-6-ways-to-describe-emotions-shame-clean.pdf,linehan-book:emotion-regulation-p022,linehan-book,true,pending,false,High-confidence clean copy is displayed below the selected curriculum handout.
emotion-regulation-p023,6 Emotional Regulation.pdf,23,Ways to Describe Emotions: Guilt,handout,matched,high,247,223,Emotion Regulation,Handout 6,Ways to Describe Emotions: Guilt,Printed identifier and title agree; content visually verified against the reference-book PDF.,/resources/clean/emotion-regulation/emotion-regulation-handout-6-ways-to-describe-emotions-guilt-clean.pdf,linehan-book:emotion-regulation-p023,linehan-book,true,pending,false,High-confidence clean copy is displayed below the selected curriculum handout.
emotion-regulation-p024,6 Emotional Regulation.pdf,24,Understanding and Naming Your Emotions,worksheet,none,none,,,,,,No exact printed identifier/title match verified.,,,,false,unmatched,false,Current curriculum resource remains the only public copy.
emotion-regulation-p025,6 Emotional Regulation.pdf,25,Observing and Describing Emotions,worksheet,matched,high,306,282,Emotion Regulation,Worksheet 4a,Observing and Describing Emotions,Printed identifier and title agree; content visually verified against the reference-book PDF.,/resources/clean/emotion-regulation/emotion-regulation-worksheet-4a-observing-and-describing-emotions-clean.pdf,linehan-book:emotion-regulation-p025,linehan-book,true,pending,false,High-confidence clean copy is displayed below the selected curriculum handout.
emotion-regulation-p026,6 Emotional Regulation.pdf,26,The Tangled Ball of Emotions,exercise,none,none,,,,,,No exact printed identifier/title match verified.,,,,false,unmatched,false,Current curriculum resource remains the only public copy.
emotion-regulation-p027,6 Emotional Regulation.pdf,27,Where Do I Feel Emotions?,exercise,none,none,,,,,,No exact printed identifier/title match verified.,,,,false,unmatched,false,Current curriculum resource remains the only public copy.
emotion-regulation-p029,6 Emotional Regulation.pdf,29,Fact or Opinion?,worksheet,none,none,,,,,,No exact printed identifier/title match verified.,,,,false,unmatched,false,Current curriculum resource remains the only public copy.
emotion-regulation-p030,6 Emotional Regulation.pdf,30,"Fact, Opinion, Belief, and Prejudice",reference,none,none,,,,,,No exact printed identifier/title match verified.,,,,false,unmatched,false,Current curriculum resource remains the only public copy.
emotion-regulation-p031,6 Emotional Regulation.pdf,31,Changing Emotional Responses,handout,matched,high,251,227,Emotion Regulation,Handout 7,Overview: Changing Emotional Responses,Printed identifier and title agree; content visually verified against the reference-book PDF.,/resources/clean/emotion-regulation/emotion-regulation-handout-7-overview-changing-emotional-responses-clean.pdf,linehan-book:emotion-regulation-p031,linehan-book,true,pending,false,High-confidence clean copy is displayed below the selected curriculum handout.
emotion-regulation-p032,6 Emotional Regulation.pdf,32,Check the Facts,handout,matched,high,252,228,Emotion Regulation,Handout 8,Check the Facts,Printed identifier and title agree; content visually verified against the reference-book PDF.,/resources/clean/emotion-regulation/emotion-regulation-handout-8-check-the-facts-clean.pdf,linehan-book:emotion-regulation-p032,linehan-book,true,pending,false,High-confidence clean copy is displayed below the selected curriculum handout.
emotion-regulation-p033,6 Emotional Regulation.pdf,33,Examples of Emotions That Fit the Facts,reference,matched,high,253,229,Emotion Regulation,Handout 8a,Examples of Emotions That Fit the Facts,Printed identifier and title agree; content visually verified against the reference-book PDF.,/resources/clean/emotion-regulation/emotion-regulation-handout-8a-examples-of-emotions-that-fit-the-facts-clean.pdf,linehan-book:emotion-regulation-p033,linehan-book,true,pending,false,High-confidence clean copy is displayed below the selected curriculum handout.
emotion-regulation-p034,6 Emotional Regulation.pdf,34,Check the Facts Practice,exercise,candidate,candidate,309,285,Emotion Regulation,Worksheet 5,Check the Facts,"Conceptually related page found, but printed title or page sequence is not an exact one-to-one match.",,,,false,possible,true,Review needed; candidate is not published.
emotion-regulation-p036,6 Emotional Regulation.pdf,36,Choosing Problem Solving or Opposite Action,worksheet,candidate,candidate,311,287,Emotion Regulation,Worksheet 6,Figuring Out How to Change Unwanted Emotions,"Conceptually related page found, but printed title or page sequence is not an exact one-to-one match.",,,,false,possible,true,Review needed; candidate is not published.
emotion-regulation-p037,6 Emotional Regulation.pdf,37,Opposite Action and Problem Solving,handout,matched,high,254,230,Emotion Regulation,Handout 9,Opposite Action and Problem Solving: Deciding Which to Use,Printed identifier and title agree; content visually verified against the reference-book PDF.,/resources/clean/emotion-regulation/emotion-regulation-handout-9-opposite-action-and-problem-solving-deciding-which-to-use-clean.pdf,linehan-book:emotion-regulation-p037,linehan-book,true,pending,false,High-confidence clean copy is displayed below the selected curriculum handout.
emotion-regulation-p038,6 Emotional Regulation.pdf,38,Opposite Action,handout,matched,high,255,231,Emotion Regulation,Handout 10,Opposite Action,Printed identifier and title agree; content visually verified against the reference-book PDF.,/resources/clean/emotion-regulation/emotion-regulation-handout-10-opposite-action-clean.pdf,linehan-book:emotion-regulation-p038,linehan-book,true,pending,false,High-confidence clean copy is displayed below the selected curriculum handout.
emotion-regulation-p039,6 Emotional Regulation.pdf,39,Problem Solving,handout,matched,high,265,241,Emotion Regulation,Handout 12,Problem Solving,Printed identifier and title agree; content visually verified against the reference-book PDF.,/resources/clean/emotion-regulation/emotion-regulation-handout-12-problem-solving-clean.pdf,linehan-book:emotion-regulation-p039,linehan-book,true,pending,false,High-confidence clean copy is displayed below the selected curriculum handout.
emotion-regulation-p040,6 Emotional Regulation.pdf,40,"Reviewing Opposite Action and Problem Solving, Part 1",handout,matched,high,266,242,Emotion Regulation,Handout 13,Reviewing Opposite Action and Problem Solving (1 of 3),Printed identifier and title agree; content visually verified against the reference-book PDF.,/resources/clean/emotion-regulation/emotion-regulation-handout-13-reviewing-opposite-action-and-problem-solving-1-of-3-clean.pdf,linehan-book:emotion-regulation-p040,linehan-book,true,pending,false,High-confidence clean copy is displayed below the selected curriculum handout.
emotion-regulation-p041,6 Emotional Regulation.pdf,41,"Reviewing Opposite Action and Problem Solving, Part 2",handout,matched,high,267,243,Emotion Regulation,Handout 13,Reviewing Opposite Action and Problem Solving (2 of 3),Printed identifier and title agree; content visually verified against the reference-book PDF.,/resources/clean/emotion-regulation/emotion-regulation-handout-13-reviewing-opposite-action-and-problem-solving-2-of-3-clean.pdf,linehan-book:emotion-regulation-p041,linehan-book,true,pending,false,High-confidence clean copy is displayed below the selected curriculum handout.
emotion-regulation-p042,6 Emotional Regulation.pdf,42,"Reviewing Opposite Action and Problem Solving, Part 3",handout,matched,high,268,244,Emotion Regulation,Handout 13,Reviewing Opposite Action and Problem Solving (3 of 3),Printed identifier and title agree; content visually verified against the reference-book PDF.,/resources/clean/emotion-regulation/emotion-regulation-handout-13-reviewing-opposite-action-and-problem-solving-3-of-3-clean.pdf,linehan-book:emotion-regulation-p042,linehan-book,true,pending,false,High-confidence clean copy is displayed below the selected curriculum handout.
emotion-regulation-p043,6 Emotional Regulation.pdf,43,Opposite Action Elevator Example,reference,none,none,,,,,,No exact printed identifier/title match verified.,,,,false,unmatched,false,Current curriculum resource remains the only public copy.
emotion-regulation-p044,6 Emotional Regulation.pdf,44,Opposite Action for Fear,handout,matched,high,256,232,Emotion Regulation,Handout 11,Figuring Out Opposite Actions: Fear,Printed identifier and title agree; content visually verified against the reference-book PDF.,/resources/clean/emotion-regulation/emotion-regulation-handout-11-figuring-out-opposite-actions-fear-clean.pdf,linehan-book:emotion-regulation-p044,linehan-book,true,pending,false,High-confidence clean copy is displayed below the selected curriculum handout.
emotion-regulation-p045,6 Emotional Regulation.pdf,45,Opposite Action for Anger,handout,matched,high,257,233,Emotion Regulation,Handout 11,Figuring Out Opposite Actions: Anger,Printed identifier and title agree; content visually verified against the reference-book PDF.,/resources/clean/emotion-regulation/emotion-regulation-handout-11-figuring-out-opposite-actions-anger-clean.pdf,linehan-book:emotion-regulation-p045,linehan-book,true,pending,false,High-confidence clean copy is displayed below the selected curriculum handout.
emotion-regulation-p046,6 Emotional Regulation.pdf,46,Opposite Action for Disgust,handout,matched,high,258,234,Emotion Regulation,Handout 11,Figuring Out Opposite Actions: Disgust,Printed identifier and title agree; content visually verified against the reference-book PDF.,/resources/clean/emotion-regulation/emotion-regulation-handout-11-figuring-out-opposite-actions-disgust-clean.pdf,linehan-book:emotion-regulation-p046,linehan-book,true,pending,false,High-confidence clean copy is displayed below the selected curriculum handout.
emotion-regulation-p047,6 Emotional Regulation.pdf,47,Opposite Action for Envy,handout,matched,high,259,235,Emotion Regulation,Handout 11,Figuring Out Opposite Actions: Envy,Printed identifier and title agree; content visually verified against the reference-book PDF.,/resources/clean/emotion-regulation/emotion-regulation-handout-11-figuring-out-opposite-actions-envy-clean.pdf,linehan-book:emotion-regulation-p047,linehan-book,true,pending,false,High-confidence clean copy is displayed below the selected curriculum handout.
emotion-regulation-p048,6 Emotional Regulation.pdf,48,Opposite Action for Jealousy,handout,matched,high,260,236,Emotion Regulation,Handout 11,Figuring Out Opposite Actions: Jealousy,Printed identifier and title agree; content visually verified against the reference-book PDF.,/resources/clean/emotion-regulation/emotion-regulation-handout-11-figuring-out-opposite-actions-jealousy-clean.pdf,linehan-book:emotion-regulation-p048,linehan-book,true,pending,false,High-confidence clean copy is displayed below the selected curriculum handout.
emotion-regulation-p049,6 Emotional Regulation.pdf,49,Opposite Action for Love,handout,matched,high,261,237,Emotion Regulation,Handout 11,Figuring Out Opposite Actions: Love,Printed identifier and title agree; content visually verified against the reference-book PDF.,/resources/clean/emotion-regulation/emotion-regulation-handout-11-figuring-out-opposite-actions-love-clean.pdf,linehan-book:emotion-regulation-p049,linehan-book,true,pending,false,High-confidence clean copy is displayed below the selected curriculum handout.
emotion-regulation-p050,6 Emotional Regulation.pdf,50,Opposite Action for Sadness,handout,matched,high,262,238,Emotion Regulation,Handout 11,Figuring Out Opposite Actions: Sadness,Printed identifier and title agree; content visually verified against the reference-book PDF.,/resources/clean/emotion-regulation/emotion-regulation-handout-11-figuring-out-opposite-actions-sadness-clean.pdf,linehan-book:emotion-regulation-p050,linehan-book,true,pending,false,High-confidence clean copy is displayed below the selected curriculum handout.
emotion-regulation-p051,6 Emotional Regulation.pdf,51,Opposite Action for Shame,handout,matched,high,263,239,Emotion Regulation,Handout 11,Figuring Out Opposite Actions: Shame,Printed identifier and title agree; content visually verified against the reference-book PDF.,/resources/clean/emotion-regulation/emotion-regulation-handout-11-figuring-out-opposite-actions-shame-clean.pdf,linehan-book:emotion-regulation-p051,linehan-book,true,pending,false,High-confidence clean copy is displayed below the selected curriculum handout.
emotion-regulation-p052,6 Emotional Regulation.pdf,52,Opposite Action for Guilt,handout,matched,high,264,240,Emotion Regulation,Handout 11,Figuring Out Opposite Actions: Guilt,Printed identifier and title agree; content visually verified against the reference-book PDF.,/resources/clean/emotion-regulation/emotion-regulation-handout-11-figuring-out-opposite-actions-guilt-clean.pdf,linehan-book:emotion-regulation-p052,linehan-book,true,pending,false,High-confidence clean copy is displayed below the selected curriculum handout.
emotion-regulation-p053,6 Emotional Regulation.pdf,53,Opposite Action to Change Emotions,exercise,matched,high,312,288,Emotion Regulation,Worksheet 7,Opposite Action to Change Emotions,Printed identifier and title agree; content visually verified against the reference-book PDF.,/resources/clean/emotion-regulation/emotion-regulation-worksheet-7-opposite-action-to-change-emotions-clean.pdf,linehan-book:emotion-regulation-p053,linehan-book,true,pending,false,High-confidence clean copy is displayed below the selected curriculum handout.
emotion-regulation-p054,6 Emotional Regulation.pdf,54,"Problem Solving Worksheet, Part 1",worksheet,matched,high,313,289,Emotion Regulation,Worksheet 8,Problem Solving to Change Emotions (1 of 2),Printed identifier and title agree; content visually verified against the reference-book PDF.,/resources/clean/emotion-regulation/emotion-regulation-worksheet-8-problem-solving-to-change-emotions-1-of-2-clean.pdf,linehan-book:emotion-regulation-p054,linehan-book,true,pending,false,High-confidence clean copy is displayed below the selected curriculum handout.
emotion-regulation-p055,6 Emotional Regulation.pdf,55,"Problem Solving Worksheet, Part 2",worksheet,matched,high,314,290,Emotion Regulation,Worksheet 8,Problem Solving to Change Emotions (2 of 2),Printed identifier and title agree; content visually verified against the reference-book PDF.,/resources/clean/emotion-regulation/emotion-regulation-worksheet-8-problem-solving-to-change-emotions-2-of-2-clean.pdf,linehan-book:emotion-regulation-p055,linehan-book,true,pending,false,High-confidence clean copy is displayed below the selected curriculum handout.
emotion-regulation-p057,6 Emotional Regulation.pdf,57,ABC PLEASE Overview,handout,matched,high,271,247,Emotion Regulation,Handout 14,Overview: Reducing Vulnerability to Emotion Mind - ABC PLEASE,Printed identifier and title agree; content visually verified against the reference-book PDF.,/resources/clean/emotion-regulation/emotion-regulation-handout-14-overview-reducing-vulnerability-to-emotion-mind-abc-please-clean.pdf,linehan-book:emotion-regulation-p057,linehan-book,true,pending,false,High-confidence clean copy is displayed below the selected curriculum handout.
emotion-regulation-p058,6 Emotional Regulation.pdf,58,Accumulating Positive Emotions: Short Term,handout,matched,high,272,248,Emotion Regulation,Handout 15,Accumulating Positive Emotions: Short Term,Printed identifier and title agree; content visually verified against the reference-book PDF.,/resources/clean/emotion-regulation/emotion-regulation-handout-15-accumulating-positive-emotions-short-term-clean.pdf,linehan-book:emotion-regulation-p058,linehan-book,true,pending,false,High-confidence clean copy is displayed below the selected curriculum handout.
emotion-regulation-p059,6 Emotional Regulation.pdf,59,"Pleasant Events List, Part 1",reference,matched,high,273,249,Emotion Regulation,Handout 16,Pleasant Events List (1 of 3),Printed identifier and title agree; content visually verified against the reference-book PDF.,/resources/clean/emotion-regulation/emotion-regulation-handout-16-pleasant-events-list-1-of-3-clean.pdf,linehan-book:emotion-regulation-p059,linehan-book,true,pending,false,High-confidence clean copy is displayed below the selected curriculum handout.
emotion-regulation-p060,6 Emotional Regulation.pdf,60,"Pleasant Events List, Part 2",reference,matched,high,274,250,Emotion Regulation,Handout 16,Pleasant Events List (2 of 3),Printed identifier and title agree; content visually verified against the reference-book PDF.,/resources/clean/emotion-regulation/emotion-regulation-handout-16-pleasant-events-list-2-of-3-clean.pdf,linehan-book:emotion-regulation-p060,linehan-book,true,pending,false,High-confidence clean copy is displayed below the selected curriculum handout.
emotion-regulation-p061,6 Emotional Regulation.pdf,61,"Pleasant Events List, Part 3",reference,matched,high,275,251,Emotion Regulation,Handout 16,Pleasant Events List (3 of 3),Printed identifier and title agree; content visually verified against the reference-book PDF.,/resources/clean/emotion-regulation/emotion-regulation-handout-16-pleasant-events-list-3-of-3-clean.pdf,linehan-book:emotion-regulation-p061,linehan-book,true,pending,false,High-confidence clean copy is displayed below the selected curriculum handout.
emotion-regulation-p062,6 Emotional Regulation.pdf,62,Accumulating Positive Emotions: Long Term,handout,matched,high,276,252,Emotion Regulation,Handout 17,Accumulating Positive Emotions: Long Term,Printed identifier and title agree; content visually verified against the reference-book PDF.,/resources/clean/emotion-regulation/emotion-regulation-handout-17-accumulating-positive-emotions-long-term-clean.pdf,linehan-book:emotion-regulation-p062,linehan-book,true,pending,false,High-confidence clean copy is displayed below the selected curriculum handout.
emotion-regulation-p063,6 Emotional Regulation.pdf,63,"Values and Priorities List, Part 1",reference,matched,high,277,253,Emotion Regulation,Handout 18,Values and Priorities List (1 of 3),Printed identifier and title agree; content visually verified against the reference-book PDF.,/resources/clean/emotion-regulation/emotion-regulation-handout-18-values-and-priorities-list-1-of-3-clean.pdf,linehan-book:emotion-regulation-p063,linehan-book,true,pending,false,High-confidence clean copy is displayed below the selected curriculum handout.
emotion-regulation-p064,6 Emotional Regulation.pdf,64,"Values and Priorities List, Part 2",reference,matched,high,278,254,Emotion Regulation,Handout 18,Values and Priorities List (2 of 3),Printed identifier and title agree; content visually verified against the reference-book PDF.,/resources/clean/emotion-regulation/emotion-regulation-handout-18-values-and-priorities-list-2-of-3-clean.pdf,linehan-book:emotion-regulation-p064,linehan-book,true,pending,false,High-confidence clean copy is displayed below the selected curriculum handout.
emotion-regulation-p065,6 Emotional Regulation.pdf,65,"Values and Priorities List, Part 3",reference,matched,high,279,255,Emotion Regulation,Handout 18,Values and Priorities List (3 of 3),Printed identifier and title agree; content visually verified against the reference-book PDF.,/resources/clean/emotion-regulation/emotion-regulation-handout-18-values-and-priorities-list-3-of-3-clean.pdf,linehan-book:emotion-regulation-p065,linehan-book,true,pending,false,High-confidence clean copy is displayed below the selected curriculum handout.
emotion-regulation-p066,6 Emotional Regulation.pdf,66,Building Positive Experiences Now,worksheet,candidate,candidate,319,295,Emotion Regulation,Worksheet 10,Pleasant Events Diary,"Conceptually related page found, but printed title or page sequence is not an exact one-to-one match.",,,,false,possible,true,Review needed; candidate is not published.
emotion-regulation-p067,6 Emotional Regulation.pdf,67,Daily Pleasant Moments Record,worksheet,candidate,candidate,319,295,Emotion Regulation,Worksheet 10,Pleasant Events Diary,"Conceptually related page found, but printed title or page sequence is not an exact one-to-one match.",,,,false,possible,true,Review needed; candidate is not published.
emotion-regulation-p068,6 Emotional Regulation.pdf,68,"Accumulating Positive Emotions: Long Term Worksheet, Part 1",worksheet,candidate,candidate,320,296,Emotion Regulation,Worksheet 11,Getting from Values to Specific Action Steps,"Conceptually related page found, but printed title or page sequence is not an exact one-to-one match.",,,,false,possible,true,Review needed; candidate is not published.
emotion-regulation-p069,6 Emotional Regulation.pdf,69,"Accumulating Positive Emotions: Long Term Worksheet, Part 2",worksheet,candidate,candidate,321,297,Emotion Regulation,Worksheet 11,Getting from Values to Specific Action Steps,"Conceptually related page found, but printed title or page sequence is not an exact one-to-one match.",,,,false,possible,true,Review needed; candidate is not published.
emotion-regulation-p071,6 Emotional Regulation.pdf,71,Building Mastery,handout,candidate,candidate,280,256,Emotion Regulation,Handout 19,Build Mastery and Cope Ahead,"Conceptually related page found, but printed title or page sequence is not an exact one-to-one match.",,,,false,possible,true,Review needed; candidate is not published.
emotion-regulation-p072,6 Emotional Regulation.pdf,72,Changing Emotional Responses with Cope Ahead,handout,candidate,candidate,280,256,Emotion Regulation,Handout 19,Build Mastery and Cope Ahead,"Conceptually related page found, but printed title or page sequence is not an exact one-to-one match.",,,,false,possible,true,Review needed; candidate is not published.
emotion-regulation-p073,6 Emotional Regulation.pdf,73,How to Cope Ahead,handout,candidate,candidate,280,256,Emotion Regulation,Handout 19,Build Mastery and Cope Ahead,"Conceptually related page found, but printed title or page sequence is not an exact one-to-one match.",,,,false,possible,true,Review needed; candidate is not published.
emotion-regulation-p074,6 Emotional Regulation.pdf,74,Mind Mapping and Mastery,reference,none,none,,,,,,No exact printed identifier/title match verified.,,,,false,unmatched,false,Current curriculum resource remains the only public copy.
emotion-regulation-p075,6 Emotional Regulation.pdf,75,Mastery Mind Map,exercise,none,none,,,,,,No exact printed identifier/title match verified.,,,,false,unmatched,false,Current curriculum resource remains the only public copy.
emotion-regulation-p076,6 Emotional Regulation.pdf,76,Cope Ahead Worksheet,worksheet,candidate,candidate,325,301,Emotion Regulation,Worksheet 12,Build Mastery and Cope Ahead,"Conceptually related page found, but printed title or page sequence is not an exact one-to-one match.",,,,false,possible,true,Review needed; candidate is not published.
emotion-regulation-p077,6 Emotional Regulation.pdf,77,"Cope Ahead for the Holidays, Part 1",exercise,none,none,,,,,,No exact printed identifier/title match verified.,,,,false,unmatched,false,Current curriculum resource remains the only public copy.
emotion-regulation-p078,6 Emotional Regulation.pdf,78,"Cope Ahead for the Holidays, Part 2",exercise,none,none,,,,,,No exact printed identifier/title match verified.,,,,false,unmatched,false,Current curriculum resource remains the only public copy.
cbt-skills-p003,7 CBT SKills.pdf,3,"Fear, Anxiety, Stress, and Panic",reference,none,none,,,,,,No exact printed identifier/title match verified.,,,,false,unmatched,false,Current curriculum resource remains the only public copy.
cbt-skills-p004,7 CBT SKills.pdf,4,Understanding My Anxiety,worksheet,none,none,,,,,,No exact printed identifier/title match verified.,,,,false,unmatched,false,Current curriculum resource remains the only public copy.
cbt-skills-p005,7 CBT SKills.pdf,5,The Cost of Anxiety,worksheet,none,none,,,,,,No exact printed identifier/title match verified.,,,,false,unmatched,false,Current curriculum resource remains the only public copy.
cbt-skills-p006,7 CBT SKills.pdf,6,Symptoms of Anxiety,reference,none,none,,,,,,No exact printed identifier/title match verified.,,,,false,unmatched,false,Current curriculum resource remains the only public copy.
cbt-skills-p007,7 CBT SKills.pdf,7,Alarming Adrenaline,reference,none,none,,,,,,No exact printed identifier/title match verified.,,,,false,unmatched,false,Current curriculum resource remains the only public copy.
cbt-skills-p008,7 CBT SKills.pdf,8,Fight or Flight,reference,none,none,,,,,,No exact printed identifier/title match verified.,,,,false,unmatched,false,Current curriculum resource remains the only public copy.
cbt-skills-p009,7 CBT SKills.pdf,9,Five Factor Model,handout,none,none,,,,,,No exact printed identifier/title match verified.,,,,false,unmatched,false,Current curriculum resource remains the only public copy.
cbt-skills-p010,7 CBT SKills.pdf,10,Five Factor Model Worksheet,worksheet,none,none,,,,,,No exact printed identifier/title match verified.,,,,false,unmatched,false,Current curriculum resource remains the only public copy.
cbt-skills-p012,7 CBT SKills.pdf,12,Thinking Traps Overview,reference,none,none,,,,,,No exact printed identifier/title match verified.,,,,false,unmatched,false,Current curriculum resource remains the only public copy.
cbt-skills-p013,7 CBT SKills.pdf,13,Testing Your Thoughts: Side One,worksheet,none,none,,,,,,No exact printed identifier/title match verified.,,,,false,unmatched,false,Current curriculum resource remains the only public copy.
cbt-skills-p014,7 CBT SKills.pdf,14,What Are Core Beliefs?,reference,none,none,,,,,,No exact printed identifier/title match verified.,,,,false,unmatched,false,Current curriculum resource remains the only public copy.
cbt-skills-p015,7 CBT SKills.pdf,15,Testing Your Thoughts: Side Two,worksheet,none,none,,,,,,No exact printed identifier/title match verified.,,,,false,unmatched,false,Current curriculum resource remains the only public copy.
cbt-skills-p016,7 CBT SKills.pdf,16,Find the Thinking Traps,exercise,none,none,,,,,,No exact printed identifier/title match verified.,,,,false,unmatched,false,Current curriculum resource remains the only public copy.
cbt-skills-p017,7 CBT SKills.pdf,17,"Identifying Thinking Traps, Part 1",worksheet,none,none,,,,,,No exact printed identifier/title match verified.,,,,false,unmatched,false,Current curriculum resource remains the only public copy.
cbt-skills-p018,7 CBT SKills.pdf,18,"Identifying Thinking Traps, Part 2",worksheet,none,none,,,,,,No exact printed identifier/title match verified.,,,,false,unmatched,false,Current curriculum resource remains the only public copy.
cbt-skills-p020,7 CBT SKills.pdf,20,The Farmer and His Horse,reference,none,none,,,,,,No exact printed identifier/title match verified.,,,,false,unmatched,false,Current curriculum resource remains the only public copy.
cbt-skills-p021,7 CBT SKills.pdf,21,How to Get Out of a Thinking Trap,handout,none,none,,,,,,No exact printed identifier/title match verified.,,,,false,unmatched,false,Current curriculum resource remains the only public copy.
cbt-skills-p022,7 CBT SKills.pdf,22,Challenge Negative Thinking,reference,none,none,,,,,,No exact printed identifier/title match verified.,,,,false,unmatched,false,Current curriculum resource remains the only public copy.
cbt-skills-p023,7 CBT SKills.pdf,23,Challenging Negative Thinking Practice,worksheet,none,none,,,,,,No exact printed identifier/title match verified.,,,,false,unmatched,false,Current curriculum resource remains the only public copy.
cbt-skills-p024,7 CBT SKills.pdf,24,Thought Record Part 1,handout,none,none,,,,,,No exact printed identifier/title match verified.,,,,false,unmatched,false,Current curriculum resource remains the only public copy.
cbt-skills-p025,7 CBT SKills.pdf,25,Identifying Automatic Thoughts,worksheet,none,none,,,,,,No exact printed identifier/title match verified.,,,,false,unmatched,false,Current curriculum resource remains the only public copy.
cbt-skills-p027,7 CBT SKills.pdf,27,Thought Record Part 2: Challenging the Hot Thought,handout,none,none,,,,,,No exact printed identifier/title match verified.,,,,false,unmatched,false,Current curriculum resource remains the only public copy.
cbt-skills-p028,7 CBT SKills.pdf,28,Looking for Evidence,handout,none,none,,,,,,No exact printed identifier/title match verified.,,,,false,unmatched,false,Current curriculum resource remains the only public copy.
cbt-skills-p029,7 CBT SKills.pdf,29,Creating Balanced Alternatives,handout,none,none,,,,,,No exact printed identifier/title match verified.,,,,false,unmatched,false,Current curriculum resource remains the only public copy.
cbt-skills-p030,7 CBT SKills.pdf,30,Best Friend Technique and Re-Rating,handout,none,none,,,,,,No exact printed identifier/title match verified.,,,,false,unmatched,false,Current curriculum resource remains the only public copy.
cbt-skills-p031,7 CBT SKills.pdf,31,Thoughts About Thought Records,reference,none,none,,,,,,No exact printed identifier/title match verified.,,,,false,unmatched,false,Current curriculum resource remains the only public copy.
cbt-skills-p032,7 CBT SKills.pdf,32,Completed Thought Record Example 1,reference,none,none,,,,,,No exact printed identifier/title match verified.,,,,false,unmatched,false,Current curriculum resource remains the only public copy.
cbt-skills-p033,7 CBT SKills.pdf,33,Completed Thought Record Example 2,reference,none,none,,,,,,No exact printed identifier/title match verified.,,,,false,unmatched,false,Current curriculum resource remains the only public copy.
cbt-skills-p034,7 CBT SKills.pdf,34,Blank Thought Record,worksheet,none,none,,,,,,No exact printed identifier/title match verified.,,,,false,unmatched,false,Current curriculum resource remains the only public copy.
cbt-skills-p036,7 CBT SKills.pdf,36,"Understanding Worry, Part 1",handout,none,none,,,,,,No exact printed identifier/title match verified.,,,,false,unmatched,false,Current curriculum resource remains the only public copy.
cbt-skills-p037,7 CBT SKills.pdf,37,"Understanding Worry, Part 2",handout,none,none,,,,,,No exact printed identifier/title match verified.,,,,false,unmatched,false,Current curriculum resource remains the only public copy.
cbt-skills-p038,7 CBT SKills.pdf,38,Worry Beliefs,reference,none,none,,,,,,No exact printed identifier/title match verified.,,,,false,unmatched,false,Current curriculum resource remains the only public copy.
cbt-skills-p039,7 CBT SKills.pdf,39,Worry and Problem Solving,reference,none,none,,,,,,No exact printed identifier/title match verified.,,,,false,unmatched,false,Current curriculum resource remains the only public copy.
cbt-skills-p040,7 CBT SKills.pdf,40,Postpone Your Worry,handout,none,none,,,,,,No exact printed identifier/title match verified.,,,,false,unmatched,false,Current curriculum resource remains the only public copy.
cbt-skills-p041,7 CBT SKills.pdf,41,Using the Worry Tree,handout,none,none,,,,,,No exact printed identifier/title match verified.,,,,false,unmatched,false,Current curriculum resource remains the only public copy.
cbt-skills-p042,7 CBT SKills.pdf,42,The Worry Tree,reference,none,none,,,,,,No exact printed identifier/title match verified.,,,,false,unmatched,false,Current curriculum resource remains the only public copy.
cbt-skills-p044,7 CBT SKills.pdf,44,Worry Diary,worksheet,none,none,,,,,,No exact printed identifier/title match verified.,,,,false,unmatched,false,Current curriculum resource remains the only public copy.
cbt-skills-p045,7 CBT SKills.pdf,45,Fear Ladder Starter,worksheet,none,none,,,,,,No exact printed identifier/title match verified.,,,,false,unmatched,false,Current curriculum resource remains the only public copy.
cbt-skills-p047,7 CBT SKills.pdf,47,Avoidance Worksheet,worksheet,none,none,,,,,,No exact printed identifier/title match verified.,,,,false,unmatched,false,Current curriculum resource remains the only public copy.
cbt-skills-p048,7 CBT SKills.pdf,48,What Are Safety Behaviours?,handout,none,none,,,,,,No exact printed identifier/title match verified.,,,,false,unmatched,false,Current curriculum resource remains the only public copy.
cbt-skills-p049,7 CBT SKills.pdf,49,Safety Behaviour Checklist,worksheet,none,none,,,,,,No exact printed identifier/title match verified.,,,,false,unmatched,false,Current curriculum resource remains the only public copy.
cbt-skills-p050,7 CBT SKills.pdf,50,Situational Exposure,handout,none,none,,,,,,No exact printed identifier/title match verified.,,,,false,unmatched,false,Current curriculum resource remains the only public copy.
cbt-skills-p051,7 CBT SKills.pdf,51,Examples of Fear Ladders,reference,none,none,,,,,,No exact printed identifier/title match verified.,,,,false,unmatched,false,Current curriculum resource remains the only public copy.
cbt-skills-p052,7 CBT SKills.pdf,52,Ideas for Challenging Different Fears,reference,none,none,,,,,,No exact printed identifier/title match verified.,,,,false,unmatched,false,Current curriculum resource remains the only public copy.
cbt-skills-p053,7 CBT SKills.pdf,53,Developing Exposure Hierarchies,worksheet,none,none,,,,,,No exact printed identifier/title match verified.,,,,false,unmatched,false,Current curriculum resource remains the only public copy.
cbt-skills-p054,7 CBT SKills.pdf,54,Exposure Hierarchy Worksheet,worksheet,none,none,,,,,,No exact printed identifier/title match verified.,,,,false,unmatched,false,Current curriculum resource remains the only public copy.
