source_id,source_document,source_page,resource_title,resource_kind,curriculum_area,lesson_route,php_match_status,php_confidence,php_pdf_page,php_internal_id,top_candidate_page,second_best_page,match_score,second_best_score,uniqueness_margin,matched_orientation,match_evidence,high_res_asset,high_res_preview,match_id,match_source,publicly_displayed,review_state,notes
general-p002,0 general handouts and skills to turn to app.pdf,2,Skills & Strengths List,reference,General Skills,/tool-finder/index.html,high,high,143,php-p0143,143,20,0.959470,0.313770,0.645700,0,Orientation-aware visual score 0.9595; second-best physical page 20 scored 0.3138; uniqueness margin 0.6457. Manual audit confirmed the same printed title/content and distinctive layout.,/resources/high-res/php/php-p0143.pdf,/resources/high-res/php/php-p0143.jpg,php-high-res:general-p002:php-p0143,php-high-res,true,pending,Higher-resolution comparison is displayed below the current copy.
general-p003,0 general handouts and skills to turn to app.pdf,3,Skills Overview,reference,General Skills,/tool-finder/index.html,none,none,,,72,103,0.180347,0.165986,0.014361,90,Orientation-aware visual score 0.1803; second-best physical page 103 scored 0.1660; uniqueness margin 0.0144. No sufficiently distinct same-page visual counterpart.,,,,,false,unmatched,Current curriculum resource remains the only public copy.
general-p004,0 general handouts and skills to turn to app.pdf,4,Emotional Overload & Emotional Numbness Skills Guide,reference,General Skills,/tool-finder/index.html,none,none,,,1,23,0.522842,0.482272,0.040570,270,Orientation-aware visual score 0.5228; second-best physical page 23 scored 0.4823; uniqueness margin 0.0406. No sufficiently distinct same-page visual counterpart.,,,,,false,unmatched,Current curriculum resource remains the only public copy.
general-p005,0 general handouts and skills to turn to app.pdf,5,Skills Use Guideline,reference,General Skills,/tool-finder/index.html,high,high,146,php-p0146,146,54,0.915675,0.463082,0.452592,0,Orientation-aware visual score 0.9157; second-best physical page 54 scored 0.4631; uniqueness margin 0.4526. Manual audit confirmed the same printed title/content and distinctive layout.,/resources/high-res/php/php-p0146.pdf,/resources/high-res/php/php-p0146.jpg,php-high-res:general-p005:php-p0146,php-high-res,true,pending,Higher-resolution comparison is displayed below the current copy.
general-p006,0 general handouts and skills to turn to app.pdf,6,Dialectics: Acceptance and Change,handout,General Skills,/tool-finder/index.html,none,none,,,107,142,0.457543,0.402466,0.055076,0,Orientation-aware visual score 0.4575; second-best physical page 142 scored 0.4025; uniqueness margin 0.0551. No sufficiently distinct same-page visual counterpart.,,,,,false,unmatched,Current curriculum resource remains the only public copy.
goal-setting-p002,1 goal setting and tracking.pdf,2,Case Map,worksheet,Goal Setting & Tracking,/learn/goal-setting/goal-setting-guidelines.html,none,none,,,142,145,0.311553,0.301477,0.010076,180,Orientation-aware visual score 0.3116; second-best physical page 145 scored 0.3015; uniqueness margin 0.0101. No sufficiently distinct same-page visual counterpart.,,,,,false,unmatched,Current curriculum resource remains the only public copy.
goal-setting-p003,1 goal setting and tracking.pdf,3,Goal Setting Guidelines,handout,Goal Setting & Tracking,/learn/goal-setting/goal-setting-guidelines.html,high,high,145,php-p0145,145,15,0.565328,0.451241,0.114087,0,Orientation-aware visual score 0.5653; second-best physical page 15 scored 0.4512; uniqueness margin 0.1141. Manual audit confirmed the same printed title/content and distinctive layout.,/resources/high-res/php/php-p0145.pdf,/resources/high-res/php/php-p0145.jpg,php-high-res:goal-setting-p003:php-p0145,php-high-res,true,pending,Higher-resolution comparison is displayed below the current copy.
goal-setting-p004,1 goal setting and tracking.pdf,4,SMART Goal Setting,handout,Goal Setting & Tracking,/learn/goal-setting/goal-setting-guidelines.html,none,none,,,104,72,0.389740,0.353539,0.036201,90,Orientation-aware visual score 0.3897; second-best physical page 72 scored 0.3535; uniqueness margin 0.0362. No sufficiently distinct same-page visual counterpart.,,,,,false,unmatched,Current curriculum resource remains the only public copy.
goal-setting-p005,1 goal setting and tracking.pdf,5,Daily Goal Worksheet: Monday to Wednesday,worksheet,Goal Setting & Tracking,/learn/goal-setting/weekly-goals-home-practice.html,high,high,139,php-p0139,139,134,0.722433,0.720221,0.002212,0,Orientation-aware visual score 0.7224; second-best physical page 134 scored 0.7202; uniqueness margin 0.0022. Manual audit confirmed the same printed title/content and distinctive layout.,/resources/high-res/php/php-p0139.pdf,/resources/high-res/php/php-p0139.jpg,php-high-res:goal-setting-p005:php-p0139,php-high-res,true,pending,Higher-resolution comparison is displayed below the current copy.
goal-setting-p006,1 goal setting and tracking.pdf,6,Daily Goal Worksheet: Thursday to Sunday,worksheet,Goal Setting & Tracking,/learn/goal-setting/weekly-goals-home-practice.html,high,high,137,php-p0137,137,132,0.935469,0.870369,0.065099,0,Orientation-aware visual score 0.9355; second-best physical page 132 scored 0.8704; uniqueness margin 0.0651. Manual audit confirmed the same printed title/content and distinctive layout.,/resources/high-res/php/php-p0137.pdf,/resources/high-res/php/php-p0137.jpg,php-high-res:goal-setting-p006:php-p0137,php-high-res,true,pending,Higher-resolution comparison is displayed below the current copy.
goal-setting-p007,1 goal setting and tracking.pdf,7,Weekly Home Practice Tracker,worksheet,Goal Setting & Tracking,/learn/goal-setting/daily-tracking.html,high,high,138,php-p0138,138,136,0.266422,0.249521,0.016900,0,Orientation-aware visual score 0.2664; second-best physical page 136 scored 0.2495; uniqueness margin 0.0169. Manual audit confirmed the same printed title/content and distinctive layout.,/resources/high-res/php/php-p0138.pdf,/resources/high-res/php/php-p0138.jpg,php-high-res:goal-setting-p007:php-p0138,php-high-res,true,pending,Higher-resolution comparison is displayed below the current copy.
goal-setting-p008,1 goal setting and tracking.pdf,8,Weekly Food Diary,worksheet,Goal Setting & Tracking,/learn/goal-setting/daily-tracking.html,none,none,,,73,147,0.198328,0.190666,0.007662,0,Orientation-aware visual score 0.1983; second-best physical page 147 scored 0.1907; uniqueness margin 0.0077. No sufficiently distinct same-page visual counterpart.,,,,,false,unmatched,Current curriculum resource remains the only public copy.
goal-setting-p010,1 goal setting and tracking.pdf,10,Monthly Habit Tracker,worksheet,Goal Setting & Tracking,/learn/goal-setting/daily-tracking.html,none,none,,,142,146,0.422642,0.418930,0.003712,0,Orientation-aware visual score 0.4226; second-best physical page 146 scored 0.4189; uniqueness margin 0.0037. No sufficiently distinct same-page visual counterpart.,,,,,false,unmatched,Current curriculum resource remains the only public copy.
goal-setting-p033,1 goal setting and tracking.pdf,33,Daily Mood Tracker,worksheet,Goal Setting & Tracking,/learn/goal-setting/daily-tracking.html,none,none,,,45,143,0.242427,0.230335,0.012092,0,Orientation-aware visual score 0.2424; second-best physical page 143 scored 0.2303; uniqueness margin 0.0121. No sufficiently distinct same-page visual counterpart.,,,,,false,unmatched,Current curriculum resource remains the only public copy.
goal-setting-p034,1 goal setting and tracking.pdf,34,Skills and Wellness Diary Card,worksheet,Goal Setting & Tracking,/learn/goal-setting/daily-tracking.html,none,none,,,132,143,0.259123,0.255436,0.003687,180,Orientation-aware visual score 0.2591; second-best physical page 143 scored 0.2554; uniqueness margin 0.0037. No sufficiently distinct same-page visual counterpart.,,,,,false,unmatched,Current curriculum resource remains the only public copy.
distress-tolerance-p003,2 Distress Tolerance.pdf,3,How Can I Make a Distress Crisis Worse?,exercise,Distress Tolerance,/learn/distress-tolerance/stop-crisis-survival.html,none,none,,,129,130,0.626166,0.614353,0.011813,180,Orientation-aware visual score 0.6262; second-best physical page 130 scored 0.6144; uniqueness margin 0.0118. No sufficiently distinct same-page visual counterpart.,,,,,false,unmatched,Current curriculum resource remains the only public copy.
distress-tolerance-p009,2 Distress Tolerance.pdf,9,Using the STOP Skill,worksheet,Distress Tolerance,/learn/distress-tolerance/stop-crisis-survival.html,none,none,,,59,1,0.282625,0.226567,0.056059,90,Orientation-aware visual score 0.2826; second-best physical page 1 scored 0.2266; uniqueness margin 0.0561. No sufficiently distinct same-page visual counterpart.,,,,,false,unmatched,Current curriculum resource remains the only public copy.
distress-tolerance-p011,2 Distress Tolerance.pdf,11,Window of Tolerance,reference,Distress Tolerance,/learn/distress-tolerance/tipp.html,high,high,126,php-p0126,126,127,0.983881,0.799105,0.184776,0,Orientation-aware visual score 0.9839; second-best physical page 127 scored 0.7991; uniqueness margin 0.1848. Manual audit confirmed the same printed title/content and distinctive layout.,/resources/high-res/php/php-p0126.pdf,/resources/high-res/php/php-p0126.jpg,php-high-res:distress-tolerance-p011:php-p0126,php-high-res,true,pending,Higher-resolution comparison is displayed below the current copy.
distress-tolerance-p015,2 Distress Tolerance.pdf,15,Progressive Muscle Relaxation: Nose to Toes,exercise,Distress Tolerance,/learn/distress-tolerance/tipp.html,none,none,,,87,146,0.285452,0.259000,0.026452,0,Orientation-aware visual score 0.2855; second-best physical page 146 scored 0.2590; uniqueness margin 0.0265. No sufficiently distinct same-page visual counterpart.,,,,,false,unmatched,Current curriculum resource remains the only public copy.
distress-tolerance-p019,2 Distress Tolerance.pdf,19,Wise Mind ACCEPTS Overview,reference,Distress Tolerance,/learn/distress-tolerance/self-soothe.html,none,none,,,145,107,0.403373,0.304561,0.098812,270,Orientation-aware visual score 0.4034; second-best physical page 107 scored 0.3046; uniqueness margin 0.0988. No sufficiently distinct same-page visual counterpart.,,,,,false,unmatched,Current curriculum resource remains the only public copy.
distress-tolerance-p021,2 Distress Tolerance.pdf,21,Self-Soothing Practice,exercise,Distress Tolerance,/learn/distress-tolerance/self-soothe.html,high,high,125,php-p0125,125,1,0.364029,0.270848,0.093181,0,Orientation-aware visual score 0.3640; second-best physical page 1 scored 0.2708; uniqueness margin 0.0932. Manual audit confirmed the same printed title/content and distinctive layout.,/resources/high-res/php/php-p0125.pdf,/resources/high-res/php/php-p0125.jpg,php-high-res:distress-tolerance-p021:php-p0125,php-high-res,true,pending,Higher-resolution comparison is displayed below the current copy.
distress-tolerance-p023,2 Distress Tolerance.pdf,23,Creating a Self-Soothing Kit,exercise,Distress Tolerance,/learn/distress-tolerance/self-soothe.html,none,none,,,17,146,0.204459,0.201629,0.002830,270,Orientation-aware visual score 0.2045; second-best physical page 146 scored 0.2016; uniqueness margin 0.0028. No sufficiently distinct same-page visual counterpart.,,,,,false,unmatched,Current curriculum resource remains the only public copy.
distress-tolerance-p026,2 Distress Tolerance.pdf,26,One Thing in the Moment,exercise,Distress Tolerance,/learn/distress-tolerance/improve.html,none,none,,,34,81,0.252765,0.240689,0.012076,0,Orientation-aware visual score 0.2528; second-best physical page 81 scored 0.2407; uniqueness margin 0.0121. No sufficiently distinct same-page visual counterpart.,,,,,false,unmatched,Current curriculum resource remains the only public copy.
distress-tolerance-p027,2 Distress Tolerance.pdf,27,Peaceful Place Meditation,exercise,Distress Tolerance,/learn/distress-tolerance/improve.html,none,none,,,142,57,0.373067,0.353638,0.019428,90,Orientation-aware visual score 0.3731; second-best physical page 57 scored 0.3536; uniqueness margin 0.0194. No sufficiently distinct same-page visual counterpart.,,,,,false,unmatched,Current curriculum resource remains the only public copy.
distress-tolerance-p028,2 Distress Tolerance.pdf,28,IMPROVE Practice,worksheet,Distress Tolerance,/learn/distress-tolerance/improve.html,none,none,,,105,146,0.262847,0.252172,0.010675,0,Orientation-aware visual score 0.2628; second-best physical page 146 scored 0.2522; uniqueness margin 0.0107. No sufficiently distinct same-page visual counterpart.,,,,,false,unmatched,Current curriculum resource remains the only public copy.
distress-tolerance-p031,2 Distress Tolerance.pdf,31,Pros and Cons: How To,reference,Distress Tolerance,/learn/distress-tolerance/pros-and-cons.html,high,high,121,php-p0121,121,147,0.504499,0.358774,0.145725,0,Orientation-aware visual score 0.5045; second-best physical page 147 scored 0.3588; uniqueness margin 0.1457. Manual audit confirmed the same printed title/content and distinctive layout.,/resources/high-res/php/php-p0121.pdf,/resources/high-res/php/php-p0121.jpg,php-high-res:distress-tolerance-p031:php-p0121,php-high-res,true,pending,Higher-resolution comparison is displayed below the current copy.
distress-tolerance-p033,2 Distress Tolerance.pdf,33,Pros and Cons Practice,exercise,Distress Tolerance,/learn/distress-tolerance/pros-and-cons.html,none,none,,,14,142,0.270838,0.268552,0.002286,0,Orientation-aware visual score 0.2708; second-best physical page 142 scored 0.2686; uniqueness margin 0.0023. No sufficiently distinct same-page visual counterpart.,,,,,false,unmatched,Current curriculum resource remains the only public copy.
distress-tolerance-p035,2 Distress Tolerance.pdf,35,Dandelions,reference,Distress Tolerance,/learn/distress-tolerance/radical-acceptance.html,none,none,,,3,143,0.150573,0.144298,0.006274,270,Orientation-aware visual score 0.1506; second-best physical page 143 scored 0.1443; uniqueness margin 0.0063. No sufficiently distinct same-page visual counterpart.,,,,,false,unmatched,Current curriculum resource remains the only public copy.
distress-tolerance-p036,2 Distress Tolerance.pdf,36,Developing the Skill of Radical Acceptance,exercise,Distress Tolerance,/learn/distress-tolerance/radical-acceptance.html,none,none,,,90,1,0.317018,0.285453,0.031565,90,Orientation-aware visual score 0.3170; second-best physical page 1 scored 0.2855; uniqueness margin 0.0316. No sufficiently distinct same-page visual counterpart.,,,,,false,unmatched,Current curriculum resource remains the only public copy.
distress-tolerance-p039,2 Distress Tolerance.pdf,39,Radical Acceptance Quick Reference,reference,Distress Tolerance,/learn/distress-tolerance/radical-acceptance.html,none,none,,,142,148,0.369324,0.352989,0.016335,270,Orientation-aware visual score 0.3693; second-best physical page 148 scored 0.3530; uniqueness margin 0.0163. No sufficiently distinct same-page visual counterpart.,,,,,false,unmatched,Current curriculum resource remains the only public copy.
distress-tolerance-p043,2 Distress Tolerance.pdf,43,How to Solve a Problem,reference,Distress Tolerance,/learn/distress-tolerance/radical-acceptance.html,none,none,,,57,142,0.328419,0.316665,0.011754,0,Orientation-aware visual score 0.3284; second-best physical page 142 scored 0.3167; uniqueness margin 0.0118. No sufficiently distinct same-page visual counterpart.,,,,,false,unmatched,Current curriculum resource remains the only public copy.
distress-tolerance-p044,2 Distress Tolerance.pdf,44,Three Parts of Radical Acceptance,reference,Distress Tolerance,/learn/distress-tolerance/radical-acceptance.html,none,none,,,142,60,0.239662,0.228579,0.011084,90,Orientation-aware visual score 0.2397; second-best physical page 60 scored 0.2286; uniqueness margin 0.0111. No sufficiently distinct same-page visual counterpart.,,,,,false,unmatched,Current curriculum resource remains the only public copy.
interpersonal-effectiveness-p003,4 Distress Tolerance.pdf,3,Understanding Boundaries,handout,Interpersonal Effectiveness,/learn/interpersonal-effectiveness/boundaries.html,high,high,85,php-p0085,85,1,0.546998,0.293007,0.253991,0,Orientation-aware visual score 0.5470; second-best physical page 1 scored 0.2930; uniqueness margin 0.2540. Manual audit confirmed the same printed title/content and distinctive layout.,/resources/high-res/php/php-p0085.pdf,/resources/high-res/php/php-p0085.jpg,php-high-res:interpersonal-effectiveness-p003:php-p0085,php-high-res,true,pending,Higher-resolution comparison is displayed below the current copy.
interpersonal-effectiveness-p004,4 Distress Tolerance.pdf,4,Identifying Your Boundaries,worksheet,Interpersonal Effectiveness,/learn/interpersonal-effectiveness/boundaries.html,high,high,86,php-p0086,86,54,0.500428,0.302101,0.198328,0,Orientation-aware visual score 0.5004; second-best physical page 54 scored 0.3021; uniqueness margin 0.1983. Manual audit confirmed the same printed title/content and distinctive layout.,/resources/high-res/php/php-p0086.pdf,/resources/high-res/php/php-p0086.jpg,php-high-res:interpersonal-effectiveness-p004:php-p0086,php-high-res,true,pending,Higher-resolution comparison is displayed below the current copy.
interpersonal-effectiveness-p005,4 Distress Tolerance.pdf,5,Characteristics of Healthy Relationships,reference,Interpersonal Effectiveness,/learn/interpersonal-effectiveness/boundaries.html,none,none,,,43,105,0.308656,0.237384,0.071272,0,Orientation-aware visual score 0.3087; second-best physical page 105 scored 0.2374; uniqueness margin 0.0713. No sufficiently distinct same-page visual counterpart.,,,,,false,unmatched,Current curriculum resource remains the only public copy.
interpersonal-effectiveness-p006,4 Distress Tolerance.pdf,6,Identifying My Personal Boundaries,exercise,Interpersonal Effectiveness,/learn/interpersonal-effectiveness/boundaries.html,none,none,,,76,42,0.250772,0.245743,0.005029,0,Orientation-aware visual score 0.2508; second-best physical page 42 scored 0.2457; uniqueness margin 0.0050. No sufficiently distinct same-page visual counterpart.,,,,,false,unmatched,Current curriculum resource remains the only public copy.
interpersonal-effectiveness-p007,4 Distress Tolerance.pdf,7,Understanding My Boundaries,exercise,Interpersonal Effectiveness,/learn/interpersonal-effectiveness/boundaries.html,none,none,,,105,94,0.205045,0.202836,0.002209,0,Orientation-aware visual score 0.2050; second-best physical page 94 scored 0.2028; uniqueness margin 0.0022. No sufficiently distinct same-page visual counterpart.,,,,,false,unmatched,Current curriculum resource remains the only public copy.
interpersonal-effectiveness-p020,4 Distress Tolerance.pdf,20,DEAR MAN Script,worksheet,Interpersonal Effectiveness,/learn/interpersonal-effectiveness/dear-man.html,none,none,,,73,3,0.392157,0.187355,0.204802,0,Orientation-aware visual score 0.3922; second-best physical page 3 scored 0.1874; uniqueness margin 0.2048. No sufficiently distinct same-page visual counterpart.,,,,,false,unmatched,Current curriculum resource remains the only public copy.
interpersonal-effectiveness-p022,4 Distress Tolerance.pdf,22,Finding and Maintaining Relationships,exercise,Interpersonal Effectiveness,/learn/interpersonal-effectiveness/give.html,none,none,,,90,15,0.189292,0.173341,0.015951,90,Orientation-aware visual score 0.1893; second-best physical page 15 scored 0.1733; uniqueness margin 0.0160. No sufficiently distinct same-page visual counterpart.,,,,,false,unmatched,Current curriculum resource remains the only public copy.
interpersonal-effectiveness-p025,4 Distress Tolerance.pdf,25,A Few Words About Validation,reference,Interpersonal Effectiveness,/learn/interpersonal-effectiveness/give.html,high,high,77,php-p0077,77,124,0.457670,0.275267,0.182403,0,Orientation-aware visual score 0.4577; second-best physical page 124 scored 0.2753; uniqueness margin 0.1824. Manual audit confirmed the same printed title/content and distinctive layout.,/resources/high-res/php/php-p0077.pdf,/resources/high-res/php/php-p0077.jpg,php-high-res:interpersonal-effectiveness-p025:php-p0077,php-high-res,true,pending,Higher-resolution comparison is displayed below the current copy.
interpersonal-effectiveness-p026,4 Distress Tolerance.pdf,26,Validation Expressions,reference,Interpersonal Effectiveness,/learn/interpersonal-effectiveness/give.html,none,none,,,99,80,0.230025,0.207629,0.022396,0,Orientation-aware visual score 0.2300; second-best physical page 80 scored 0.2076; uniqueness margin 0.0224. No sufficiently distinct same-page visual counterpart.,,,,,false,unmatched,Current curriculum resource remains the only public copy.
interpersonal-effectiveness-p027,4 Distress Tolerance.pdf,27,The Four Horsemen and Their Antidotes,reference,Interpersonal Effectiveness,/learn/interpersonal-effectiveness/give.html,none,none,,,143,127,0.354439,0.291322,0.063117,0,Orientation-aware visual score 0.3544; second-best physical page 127 scored 0.2913; uniqueness margin 0.0631. No sufficiently distinct same-page visual counterpart.,,,,,false,unmatched,Current curriculum resource remains the only public copy.
interpersonal-effectiveness-p028,4 Distress Tolerance.pdf,28,DEAR + GIVE Script,worksheet,Interpersonal Effectiveness,/learn/interpersonal-effectiveness/give.html,none,none,,,90,59,0.216360,0.209108,0.007252,90,Orientation-aware visual score 0.2164; second-best physical page 59 scored 0.2091; uniqueness margin 0.0073. No sufficiently distinct same-page visual counterpart.,,,,,false,unmatched,Current curriculum resource remains the only public copy.
interpersonal-effectiveness-p031,4 Distress Tolerance.pdf,31,Self-Respect Effectiveness Reflection,exercise,Interpersonal Effectiveness,/learn/interpersonal-effectiveness/fast.html,none,none,,,3,108,0.517736,0.362542,0.155193,0,Orientation-aware visual score 0.5177; second-best physical page 108 scored 0.3625; uniqueness margin 0.1552. No sufficiently distinct same-page visual counterpart.,,,,,false,unmatched,Current curriculum resource remains the only public copy.
interpersonal-effectiveness-p032,4 Distress Tolerance.pdf,32,A Bill of Assertive Rights,reference,Interpersonal Effectiveness,/learn/interpersonal-effectiveness/fast.html,none,none,,,105,75,0.299945,0.294610,0.005336,0,Orientation-aware visual score 0.2999; second-best physical page 75 scored 0.2946; uniqueness margin 0.0053. No sufficiently distinct same-page visual counterpart.,,,,,false,unmatched,Current curriculum resource remains the only public copy.
interpersonal-effectiveness-p034,4 Distress Tolerance.pdf,34,Apologizing Effectively,reference,Interpersonal Effectiveness,/learn/interpersonal-effectiveness/fast.html,high,high,72,php-p0072,72,142,0.484502,0.336688,0.147814,0,Orientation-aware visual score 0.4845; second-best physical page 142 scored 0.3367; uniqueness margin 0.1478. Manual audit confirmed the same printed title/content and distinctive layout.,/resources/high-res/php/php-p0072.pdf,/resources/high-res/php/php-p0072.jpg,php-high-res:interpersonal-effectiveness-p034:php-p0072,php-high-res,true,pending,Higher-resolution comparison is displayed below the current copy.
interpersonal-effectiveness-p035,4 Distress Tolerance.pdf,35,DEAR + FAST Script,worksheet,Interpersonal Effectiveness,/learn/interpersonal-effectiveness/fast.html,high,high,73,php-p0073,73,40,0.293602,0.243478,0.050124,0,Orientation-aware visual score 0.2936; second-best physical page 40 scored 0.2435; uniqueness margin 0.0501. Manual audit confirmed the same printed title/content and distinctive layout.,/resources/high-res/php/php-p0073.pdf,/resources/high-res/php/php-p0073.jpg,php-high-res:interpersonal-effectiveness-p035:php-p0073,php-high-res,true,pending,Higher-resolution comparison is displayed below the current copy.
interpersonal-effectiveness-p044,4 Distress Tolerance.pdf,44,Dialectics: Acceptance and Change,reference,Interpersonal Effectiveness,/learn/interpersonal-effectiveness/saying-no.html,none,none,,,107,34,0.299003,0.286095,0.012908,0,Orientation-aware visual score 0.2990; second-best physical page 34 scored 0.2861; uniqueness margin 0.0129. No sufficiently distinct same-page visual counterpart.,,,,,false,unmatched,Current curriculum resource remains the only public copy.
wellness-p004,5 Wellness.pdf,4,Exploring Sleep,exercise,Wellness,/learn/wellness/sleep.html,high,high,70,php-p0070,70,8,0.508228,0.422207,0.086021,0,Orientation-aware visual score 0.5082; second-best physical page 8 scored 0.4222; uniqueness margin 0.0860. Manual audit confirmed the same printed title/content and distinctive layout.,/resources/high-res/php/php-p0070.pdf,/resources/high-res/php/php-p0070.jpg,php-high-res:wellness-p004:php-p0070,php-high-res,true,pending,Higher-resolution comparison is displayed below the current copy.
wellness-p005,5 Wellness.pdf,5,Understanding Sleep,reference,Wellness,/learn/wellness/sleep.html,none,none,,,1,23,0.452684,0.417508,0.035176,180,Orientation-aware visual score 0.4527; second-best physical page 23 scored 0.4175; uniqueness margin 0.0352. No sufficiently distinct same-page visual counterpart.,,,,,false,unmatched,Current curriculum resource remains the only public copy.
wellness-p006,5 Wellness.pdf,6,The Five Stages of Sleep,reference,Wellness,/learn/wellness/sleep.html,none,none,,,146,142,0.591430,0.550721,0.040709,90,Orientation-aware visual score 0.5914; second-best physical page 142 scored 0.5507; uniqueness margin 0.0407. No sufficiently distinct same-page visual counterpart.,,,,,false,unmatched,Current curriculum resource remains the only public copy.
wellness-p007,5 Wellness.pdf,7,Additional Sleep Hygiene Tips,handout,Wellness,/learn/wellness/sleep.html,none,none,,,91,54,0.227908,0.221639,0.006268,90,Orientation-aware visual score 0.2279; second-best physical page 54 scored 0.2216; uniqueness margin 0.0063. No sufficiently distinct same-page visual counterpart.,,,,,false,unmatched,Current curriculum resource remains the only public copy.
wellness-p010,5 Wellness.pdf,10,The First Vicious Cycle,reference,Wellness,/learn/wellness/behavioral-activation.html,none,none,,,14,80,0.193748,0.186994,0.006754,90,Orientation-aware visual score 0.1937; second-best physical page 80 scored 0.1870; uniqueness margin 0.0068. No sufficiently distinct same-page visual counterpart.,,,,,false,unmatched,Current curriculum resource remains the only public copy.
wellness-p011,5 Wellness.pdf,11,The Second Vicious Cycle,reference,Wellness,/learn/wellness/behavioral-activation.html,none,none,,,65,116,0.233264,0.158722,0.074542,0,Orientation-aware visual score 0.2333; second-best physical page 116 scored 0.1587; uniqueness margin 0.0745. No sufficiently distinct same-page visual counterpart.,,,,,false,unmatched,Current curriculum resource remains the only public copy.
wellness-p012,5 Wellness.pdf,12,Your Cycles,worksheet,Wellness,/learn/wellness/behavioral-activation.html,high,high,65,php-p0065,65,91,0.457476,0.145243,0.312234,0,Orientation-aware visual score 0.4575; second-best physical page 91 scored 0.1452; uniqueness margin 0.3122. Manual audit confirmed the same printed title/content and distinctive layout.,/resources/high-res/php/php-p0065.pdf,/resources/high-res/php/php-p0065.jpg,php-high-res:wellness-p012:php-p0065,php-high-res,true,pending,Higher-resolution comparison is displayed below the current copy.
wellness-p013,5 Wellness.pdf,13,The Upward Spiral of Behavioural Activation,handout,Wellness,/learn/wellness/behavioral-activation.html,high,high,66,php-p0066,66,23,0.479059,0.378223,0.100836,0,Orientation-aware visual score 0.4791; second-best physical page 23 scored 0.3782; uniqueness margin 0.1008. Manual audit confirmed the same printed title/content and distinctive layout.,/resources/high-res/php/php-p0066.pdf,/resources/high-res/php/php-p0066.jpg,php-high-res:wellness-p013:php-p0066,php-high-res,true,pending,Higher-resolution comparison is displayed below the current copy.
wellness-p014,5 Wellness.pdf,14,What Is Behaviour Activation?,handout,Wellness,/learn/wellness/behavioral-activation.html,none,none,,,146,39,0.410105,0.377619,0.032485,180,Orientation-aware visual score 0.4101; second-best physical page 39 scored 0.3776; uniqueness margin 0.0325. No sufficiently distinct same-page visual counterpart.,,,,,false,unmatched,Current curriculum resource remains the only public copy.
wellness-p015,5 Wellness.pdf,15,Behaviour Activation: Battery vs. Generator,handout,Wellness,/learn/wellness/behavioral-activation.html,none,none,,,142,146,0.499660,0.452902,0.046759,90,Orientation-aware visual score 0.4997; second-best physical page 146 scored 0.4529; uniqueness margin 0.0468. No sufficiently distinct same-page visual counterpart.,,,,,false,unmatched,Current curriculum resource remains the only public copy.
wellness-p016,5 Wellness.pdf,16,"Behavioural Activation Tips, Part 1",handout,Wellness,/learn/wellness/behavioral-activation.html,none,none,,,146,115,0.240004,0.228468,0.011536,180,Orientation-aware visual score 0.2400; second-best physical page 115 scored 0.2285; uniqueness margin 0.0115. No sufficiently distinct same-page visual counterpart.,,,,,false,unmatched,Current curriculum resource remains the only public copy.
wellness-p017,5 Wellness.pdf,17,"Behavioural Activation Tips, Part 2",handout,Wellness,/learn/wellness/behavioral-activation.html,none,none,,,142,146,0.288480,0.282925,0.005555,90,Orientation-aware visual score 0.2885; second-best physical page 146 scored 0.2829; uniqueness margin 0.0056. No sufficiently distinct same-page visual counterpart.,,,,,false,unmatched,Current curriculum resource remains the only public copy.
wellness-p018,5 Wellness.pdf,18,"Behavioural Activation Tips, Part 3",handout,Wellness,/learn/wellness/behavioral-activation.html,none,none,,,3,4,0.339836,0.299694,0.040142,0,Orientation-aware visual score 0.3398; second-best physical page 4 scored 0.2997; uniqueness margin 0.0401. No sufficiently distinct same-page visual counterpart.,,,,,false,unmatched,Current curriculum resource remains the only public copy.
wellness-p019,5 Wellness.pdf,19,Activity Monitoring Worksheet,worksheet,Wellness,/learn/wellness/behavioral-activation.html,none,none,,,1,108,0.255324,0.237011,0.018312,0,Orientation-aware visual score 0.2553; second-best physical page 108 scored 0.2370; uniqueness margin 0.0183. No sufficiently distinct same-page visual counterpart.,,,,,false,unmatched,Current curriculum resource remains the only public copy.
wellness-p020,5 Wellness.pdf,20,Activity Planning Worksheet,worksheet,Wellness,/learn/wellness/behavioral-activation.html,none,none,,,1,23,0.283118,0.211198,0.071920,0,Orientation-aware visual score 0.2831; second-best physical page 23 scored 0.2112; uniqueness margin 0.0719. No sufficiently distinct same-page visual counterpart.,,,,,false,unmatched,Current curriculum resource remains the only public copy.
wellness-p021,5 Wellness.pdf,21,Behavioural Activation Barriers and Resources,worksheet,Wellness,/learn/wellness/behavioral-activation.html,high,high,62,php-p0062,62,1,0.936937,0.303621,0.633316,0,Orientation-aware visual score 0.9369; second-best physical page 1 scored 0.3036; uniqueness margin 0.6333. Manual audit confirmed the same printed title/content and distinctive layout.,/resources/high-res/php/php-p0062.pdf,/resources/high-res/php/php-p0062.jpg,php-high-res:wellness-p021:php-p0062,php-high-res,true,pending,Higher-resolution comparison is displayed below the current copy.
wellness-p024,5 Wellness.pdf,24,The Behaviour Chain Analysis,reference,Wellness,/learn/wellness/behavior-chain-missing-links.html,none,none,,,57,58,0.429390,0.408043,0.021347,270,Orientation-aware visual score 0.4294; second-best physical page 58 scored 0.4080; uniqueness margin 0.0213. No sufficiently distinct same-page visual counterpart.,,,,,false,unmatched,Current curriculum resource remains the only public copy.
wellness-p025,5 Wellness.pdf,25,"Behaviour Chain Analysis Example, Part 1",reference,Wellness,/learn/wellness/behavior-chain-missing-links.html,none,none,,,105,146,0.302833,0.297552,0.005281,0,Orientation-aware visual score 0.3028; second-best physical page 146 scored 0.2976; uniqueness margin 0.0053. No sufficiently distinct same-page visual counterpart.,,,,,false,unmatched,Current curriculum resource remains the only public copy.
wellness-p026,5 Wellness.pdf,26,"Behaviour Chain Analysis Example, Part 2",reference,Wellness,/learn/wellness/behavior-chain-missing-links.html,none,none,,,99,146,0.345985,0.334849,0.011137,0,Orientation-aware visual score 0.3460; second-best physical page 146 scored 0.3348; uniqueness margin 0.0111. No sufficiently distinct same-page visual counterpart.,,,,,false,unmatched,Current curriculum resource remains the only public copy.
wellness-p027,5 Wellness.pdf,27,"Behaviour Chain Analysis Example, Part 3",reference,Wellness,/learn/wellness/behavior-chain-missing-links.html,none,none,,,150,147,0.384757,0.381953,0.002805,0,Orientation-aware visual score 0.3848; second-best physical page 147 scored 0.3820; uniqueness margin 0.0028. No sufficiently distinct same-page visual counterpart.,,,,,false,unmatched,Current curriculum resource remains the only public copy.
wellness-p028,5 Wellness.pdf,28,"Behaviour Chain Analysis Worksheet, Part 1",worksheet,Wellness,/learn/wellness/behavior-chain-missing-links.html,none,none,,,35,38,0.304705,0.281308,0.023397,0,Orientation-aware visual score 0.3047; second-best physical page 38 scored 0.2813; uniqueness margin 0.0234. No sufficiently distinct same-page visual counterpart.,,,,,false,unmatched,Current curriculum resource remains the only public copy.
wellness-p029,5 Wellness.pdf,29,"Behaviour Chain Analysis Worksheet, Part 2",worksheet,Wellness,/learn/wellness/behavior-chain-missing-links.html,none,none,,,10,93,0.312221,0.234544,0.077677,0,Orientation-aware visual score 0.3122; second-best physical page 93 scored 0.2345; uniqueness margin 0.0777. No sufficiently distinct same-page visual counterpart.,,,,,false,unmatched,Current curriculum resource remains the only public copy.
wellness-p030,5 Wellness.pdf,30,"Behaviour Chain Analysis Worksheet, Part 3",worksheet,Wellness,/learn/wellness/behavior-chain-missing-links.html,none,none,,,127,143,0.200828,0.184449,0.016379,0,Orientation-aware visual score 0.2008; second-best physical page 143 scored 0.1844; uniqueness margin 0.0164. No sufficiently distinct same-page visual counterpart.,,,,,false,unmatched,Current curriculum resource remains the only public copy.
wellness-p031,5 Wellness.pdf,31,Behaviour Chain Analysis Map,worksheet,Wellness,/learn/wellness/behavior-chain-missing-links.html,high,high,59,php-p0059,59,146,0.599838,0.231449,0.368389,0,Orientation-aware visual score 0.5998; second-best physical page 146 scored 0.2314; uniqueness margin 0.3684. Manual audit confirmed the same printed title/content and distinctive layout.,/resources/high-res/php/php-p0059.pdf,/resources/high-res/php/php-p0059.jpg,php-high-res:wellness-p031:php-p0059,php-high-res,true,pending,Higher-resolution comparison is displayed below the current copy.
wellness-p034,5 Wellness.pdf,34,Effects of Substance Use,reference,Wellness,/learn/wellness/maladaptive-coping.html,none,none,,,15,116,0.292058,0.258695,0.033364,0,Orientation-aware visual score 0.2921; second-best physical page 116 scored 0.2587; uniqueness margin 0.0334. No sufficiently distinct same-page visual counterpart.,,,,,false,unmatched,Current curriculum resource remains the only public copy.
wellness-p035,5 Wellness.pdf,35,Signs of Maladaptive Coping,reference,Wellness,/learn/wellness/maladaptive-coping.html,none,none,,,54,85,0.258102,0.236804,0.021298,0,Orientation-aware visual score 0.2581; second-best physical page 85 scored 0.2368; uniqueness margin 0.0213. No sufficiently distinct same-page visual counterpart.,,,,,false,unmatched,Current curriculum resource remains the only public copy.
wellness-p036,5 Wellness.pdf,36,Stages of Change,handout,Wellness,/learn/wellness/maladaptive-coping.html,none,none,,,142,145,0.329468,0.280471,0.048997,90,Orientation-aware visual score 0.3295; second-best physical page 145 scored 0.2805; uniqueness margin 0.0490. No sufficiently distinct same-page visual counterpart.,,,,,false,unmatched,Current curriculum resource remains the only public copy.
wellness-p037,5 Wellness.pdf,37,"Stages of Change Worksheet, Part 1",worksheet,Wellness,/learn/wellness/maladaptive-coping.html,none,none,,,34,81,0.236220,0.227293,0.008927,0,Orientation-aware visual score 0.2362; second-best physical page 81 scored 0.2273; uniqueness margin 0.0089. No sufficiently distinct same-page visual counterpart.,,,,,false,unmatched,Current curriculum resource remains the only public copy.
wellness-p038,5 Wellness.pdf,38,"Stages of Change Worksheet, Part 2",worksheet,Wellness,/learn/wellness/maladaptive-coping.html,none,none,,,1,90,0.195045,0.178622,0.016424,270,Orientation-aware visual score 0.1950; second-best physical page 90 scored 0.1786; uniqueness margin 0.0164. No sufficiently distinct same-page visual counterpart.,,,,,false,unmatched,Current curriculum resource remains the only public copy.
wellness-p039,5 Wellness.pdf,39,"Stages of Change Worksheet, Part 3",worksheet,Wellness,/learn/wellness/maladaptive-coping.html,none,none,,,18,62,0.152165,0.130359,0.021806,0,Orientation-aware visual score 0.1522; second-best physical page 62 scored 0.1304; uniqueness margin 0.0218. No sufficiently distinct same-page visual counterpart.,,,,,false,unmatched,Current curriculum resource remains the only public copy.
wellness-p040,5 Wellness.pdf,40,Naloxone: Save a Life,reference,Wellness,/learn/wellness/maladaptive-coping.html,none,none,,,127,143,0.337214,0.290591,0.046623,0,Orientation-aware visual score 0.3372; second-best physical page 143 scored 0.2906; uniqueness margin 0.0466. No sufficiently distinct same-page visual counterpart.,,,,,false,unmatched,Current curriculum resource remains the only public copy.
wellness-p041,5 Wellness.pdf,41,Opioid Overdoses: What to Do,reference,Wellness,/learn/wellness/maladaptive-coping.html,none,none,,,127,143,0.295932,0.274526,0.021406,0,Orientation-aware visual score 0.2959; second-best physical page 143 scored 0.2745; uniqueness margin 0.0214. No sufficiently distinct same-page visual counterpart.,,,,,false,unmatched,Current curriculum resource remains the only public copy.
wellness-p043,5 Wellness.pdf,43,"Seven Tips for Balanced Eating, Part 1",handout,Wellness,/learn/wellness/balanced-eating.html,none,none,,,1,109,0.296778,0.235612,0.061166,0,Orientation-aware visual score 0.2968; second-best physical page 109 scored 0.2356; uniqueness margin 0.0612. No sufficiently distinct same-page visual counterpart.,,,,,false,unmatched,Current curriculum resource remains the only public copy.
wellness-p044,5 Wellness.pdf,44,"Seven Tips for Balanced Eating, Part 2",handout,Wellness,/learn/wellness/balanced-eating.html,none,none,,,146,82,0.337244,0.307335,0.029909,0,Orientation-aware visual score 0.3372; second-best physical page 82 scored 0.3073; uniqueness margin 0.0299. No sufficiently distinct same-page visual counterpart.,,,,,false,unmatched,Current curriculum resource remains the only public copy.
wellness-p045,5 Wellness.pdf,45,Eating Well on a Budget,reference,Wellness,/learn/wellness/balanced-eating.html,none,none,,,91,105,0.547181,0.490413,0.056768,270,Orientation-aware visual score 0.5472; second-best physical page 105 scored 0.4904; uniqueness margin 0.0568. No sufficiently distinct same-page visual counterpart.,,,,,false,unmatched,Current curriculum resource remains the only public copy.
wellness-p046,5 Wellness.pdf,46,"Canada's Food Guide: Eat Well, Live Well",reference,Wellness,/learn/wellness/balanced-eating.html,none,none,,,57,142,0.477297,0.443149,0.034148,0,Orientation-aware visual score 0.4773; second-best physical page 142 scored 0.4431; uniqueness margin 0.0341. No sufficiently distinct same-page visual counterpart.,,,,,false,unmatched,Current curriculum resource remains the only public copy.
wellness-p047,5 Wellness.pdf,47,Healthy Eating Is More Than the Foods You Eat,reference,Wellness,/learn/wellness/balanced-eating.html,none,none,,,142,146,0.433491,0.423930,0.009560,0,Orientation-aware visual score 0.4335; second-best physical page 146 scored 0.4239; uniqueness margin 0.0096. No sufficiently distinct same-page visual counterpart.,,,,,false,unmatched,Current curriculum resource remains the only public copy.
wellness-p048,5 Wellness.pdf,48,Estimating Portion Sizes,reference,Wellness,/learn/wellness/balanced-eating.html,none,none,,,90,59,0.219541,0.184066,0.035475,90,Orientation-aware visual score 0.2195; second-best physical page 59 scored 0.1841; uniqueness margin 0.0355. No sufficiently distinct same-page visual counterpart.,,,,,false,unmatched,Current curriculum resource remains the only public copy.
wellness-p049,5 Wellness.pdf,49,Weekly Food Journal,worksheet,Wellness,/learn/wellness/balanced-eating.html,none,none,,,73,1,0.239516,0.234678,0.004838,0,Orientation-aware visual score 0.2395; second-best physical page 1 scored 0.2347; uniqueness margin 0.0048. No sufficiently distinct same-page visual counterpart.,,,,,false,unmatched,Current curriculum resource remains the only public copy.
wellness-p050,5 Wellness.pdf,50,Weekly Meal Plan,worksheet,Wellness,/learn/wellness/balanced-eating.html,high,high,55,php-p0055,55,1,0.868908,0.204239,0.664669,0,Orientation-aware visual score 0.8689; second-best physical page 1 scored 0.2042; uniqueness margin 0.6647. Manual audit confirmed the same printed title/content and distinctive layout.,/resources/high-res/php/php-p0055.pdf,/resources/high-res/php/php-p0055.jpg,php-high-res:wellness-p050:php-p0055,php-high-res,true,pending,Higher-resolution comparison is displayed below the current copy.
wellness-p052,5 Wellness.pdf,52,Doctor Appointment Barriers,exercise,Wellness,/learn/wellness/medication-doctor-visits.html,high,high,57,php-p0057,57,142,0.787304,0.515227,0.272077,0,Orientation-aware visual score 0.7873; second-best physical page 142 scored 0.5152; uniqueness margin 0.2721. Manual audit confirmed the same printed title/content and distinctive layout.,/resources/high-res/php/php-p0057.pdf,/resources/high-res/php/php-p0057.jpg,php-high-res:wellness-p052:php-p0057,php-high-res,true,pending,Higher-resolution comparison is displayed below the current copy.
wellness-p053,5 Wellness.pdf,53,Tips for Managing Appointments,handout,Wellness,/learn/wellness/medication-doctor-visits.html,none,none,,,57,142,0.407023,0.384934,0.022089,0,Orientation-aware visual score 0.4070; second-best physical page 142 scored 0.3849; uniqueness margin 0.0221. No sufficiently distinct same-page visual counterpart.,,,,,false,unmatched,Current curriculum resource remains the only public copy.
wellness-p054,5 Wellness.pdf,54,Questions for Your Doctor and Appointment Reminder,worksheet,Wellness,/learn/wellness/medication-doctor-visits.html,none,none,,,142,114,0.464266,0.434049,0.030217,90,Orientation-aware visual score 0.4643; second-best physical page 114 scored 0.4340; uniqueness margin 0.0302. No sufficiently distinct same-page visual counterpart.,,,,,false,unmatched,Current curriculum resource remains the only public copy.
wellness-p055,5 Wellness.pdf,55,"Myths About Psychiatric Medication, Part 1",handout,Wellness,/learn/wellness/medication-doctor-visits.html,none,none,,,72,7,0.199615,0.191008,0.008607,270,Orientation-aware visual score 0.1996; second-best physical page 7 scored 0.1910; uniqueness margin 0.0086. No sufficiently distinct same-page visual counterpart.,,,,,false,unmatched,Current curriculum resource remains the only public copy.
wellness-p056,5 Wellness.pdf,56,"Myths About Psychiatric Medication, Part 2",handout,Wellness,/learn/wellness/medication-doctor-visits.html,none,none,,,148,142,0.307452,0.262766,0.044685,0,Orientation-aware visual score 0.3075; second-best physical page 142 scored 0.2628; uniqueness margin 0.0447. No sufficiently distinct same-page visual counterpart.,,,,,false,unmatched,Current curriculum resource remains the only public copy.
wellness-p057,5 Wellness.pdf,57,Medication Reminder Tools,reference,Wellness,/learn/wellness/medication-doctor-visits.html,none,none,,,54,142,0.308521,0.283060,0.025461,0,Orientation-aware visual score 0.3085; second-best physical page 142 scored 0.2831; uniqueness margin 0.0255. No sufficiently distinct same-page visual counterpart.,,,,,false,unmatched,Current curriculum resource remains the only public copy.
wellness-p058,5 Wellness.pdf,58,Medication Organizers,reference,Wellness,/learn/wellness/medication-doctor-visits.html,none,none,,,145,148,0.356207,0.338032,0.018175,270,Orientation-aware visual score 0.3562; second-best physical page 148 scored 0.3380; uniqueness margin 0.0182. No sufficiently distinct same-page visual counterpart.,,,,,false,unmatched,Current curriculum resource remains the only public copy.
wellness-p059,5 Wellness.pdf,59,Alarms and Medication Dispensers,reference,Wellness,/learn/wellness/medication-doctor-visits.html,none,none,,,145,24,0.321560,0.313775,0.007784,0,Orientation-aware visual score 0.3216; second-best physical page 24 scored 0.3138; uniqueness margin 0.0078. No sufficiently distinct same-page visual counterpart.,,,,,false,unmatched,Current curriculum resource remains the only public copy.
wellness-p060,5 Wellness.pdf,60,My Current Medications,worksheet,Wellness,/learn/wellness/medication-doctor-visits.html,high,high,54,php-p0054,54,146,0.748069,0.265139,0.482930,0,Orientation-aware visual score 0.7481; second-best physical page 146 scored 0.2651; uniqueness margin 0.4829. Manual audit confirmed the same printed title/content and distinctive layout.,/resources/high-res/php/php-p0054.pdf,/resources/high-res/php/php-p0054.jpg,php-high-res:wellness-p060:php-p0054,php-high-res,true,pending,Higher-resolution comparison is displayed below the current copy.
wellness-p061,5 Wellness.pdf,61,My Current Medications: Extended,worksheet,Wellness,/learn/wellness/medication-doctor-visits.html,high,high,54,php-p0054,54,146,0.762909,0.277925,0.484984,0,Orientation-aware visual score 0.7629; second-best physical page 146 scored 0.2779; uniqueness margin 0.4850. Manual audit confirmed the same printed title/content and distinctive layout.,/resources/high-res/php/php-p0054.pdf,/resources/high-res/php/php-p0054.jpg,php-high-res:wellness-p061:php-p0054,php-high-res,true,pending,Higher-resolution comparison is displayed below the current copy.
wellness-p062,5 Wellness.pdf,62,Health Care Connect,reference,Wellness,/learn/wellness/medication-doctor-visits.html,none,none,,,72,57,0.354345,0.329120,0.025225,90,Orientation-aware visual score 0.3543; second-best physical page 57 scored 0.3291; uniqueness margin 0.0252. No sufficiently distinct same-page visual counterpart.,,,,,false,unmatched,Current curriculum resource remains the only public copy.
emotion-regulation-p003,6 Emotional Regulation.pdf,3,Basic Functions of Emotions,reference,Emotion Regulation,/learn/emotion-regulation/what-emotions-do.html,high,high,52,php-p0052,52,48,0.725939,0.696206,0.029733,0,Orientation-aware visual score 0.7259; second-best physical page 48 scored 0.6962; uniqueness margin 0.0297. Manual audit confirmed the same printed title/content and distinctive layout.,/resources/high-res/php/php-p0052.pdf,/resources/high-res/php/php-p0052.jpg,php-high-res:emotion-regulation-p003:php-p0052,php-high-res,true,pending,Higher-resolution comparison is displayed below the current copy.
emotion-regulation-p011,6 Emotional Regulation.pdf,11,Learning About Emotions,exercise,Emotion Regulation,/learn/emotion-regulation/observing-describing-emotions.html,high,high,47,php-p0047,47,143,0.289935,0.179802,0.110133,0,Orientation-aware visual score 0.2899; second-best physical page 143 scored 0.1798; uniqueness margin 0.1101. Manual audit confirmed the same printed title/content and distinctive layout.,/resources/high-res/php/php-p0047.pdf,/resources/high-res/php/php-p0047.jpg,php-high-res:emotion-regulation-p011:php-p0047,php-high-res,true,pending,Higher-resolution comparison is displayed below the current copy.
emotion-regulation-p024,6 Emotional Regulation.pdf,24,Understanding and Naming Your Emotions,worksheet,Emotion Regulation,/learn/emotion-regulation/observing-describing-emotions.html,high,high,45,php-p0045,45,2,0.592740,0.368133,0.224607,0,Orientation-aware visual score 0.5927; second-best physical page 2 scored 0.3681; uniqueness margin 0.2246. Manual audit confirmed the same printed title/content and distinctive layout.,/resources/high-res/php/php-p0045.pdf,/resources/high-res/php/php-p0045.jpg,php-high-res:emotion-regulation-p024:php-p0045,php-high-res,true,pending,Higher-resolution comparison is displayed below the current copy.
emotion-regulation-p026,6 Emotional Regulation.pdf,26,The Tangled Ball of Emotions,exercise,Emotion Regulation,/learn/emotion-regulation/observing-describing-emotions.html,none,none,,,57,142,0.644511,0.590141,0.054370,180,Orientation-aware visual score 0.6445; second-best physical page 142 scored 0.5901; uniqueness margin 0.0544. No sufficiently distinct same-page visual counterpart.,,,,,false,unmatched,Current curriculum resource remains the only public copy.
emotion-regulation-p027,6 Emotional Regulation.pdf,27,Where Do I Feel Emotions?,exercise,Emotion Regulation,/learn/emotion-regulation/observing-describing-emotions.html,none,none,,,57,130,0.504859,0.390997,0.113862,90,Orientation-aware visual score 0.5049; second-best physical page 130 scored 0.3910; uniqueness margin 0.1139. No sufficiently distinct same-page visual counterpart.,,,,,false,unmatched,Current curriculum resource remains the only public copy.
emotion-regulation-p029,6 Emotional Regulation.pdf,29,Fact or Opinion?,worksheet,Emotion Regulation,/learn/emotion-regulation/check-the-facts.html,none,none,,,148,146,0.356857,0.326643,0.030214,0,Orientation-aware visual score 0.3569; second-best physical page 146 scored 0.3266; uniqueness margin 0.0302. No sufficiently distinct same-page visual counterpart.,,,,,false,unmatched,Current curriculum resource remains the only public copy.
emotion-regulation-p030,6 Emotional Regulation.pdf,30,"Fact, Opinion, Belief, and Prejudice",reference,Emotion Regulation,/learn/emotion-regulation/check-the-facts.html,none,none,,,1,23,0.543423,0.439226,0.104197,0,Orientation-aware visual score 0.5434; second-best physical page 23 scored 0.4392; uniqueness margin 0.1042. No sufficiently distinct same-page visual counterpart.,,,,,false,unmatched,Current curriculum resource remains the only public copy.
emotion-regulation-p034,6 Emotional Regulation.pdf,34,Check the Facts Practice,exercise,Emotion Regulation,/learn/emotion-regulation/check-the-facts.html,high,high,40,php-p0040,40,87,0.284850,0.246294,0.038556,0,Orientation-aware visual score 0.2848; second-best physical page 87 scored 0.2463; uniqueness margin 0.0386. Manual audit confirmed the same printed title/content and distinctive layout.,/resources/high-res/php/php-p0040.pdf,/resources/high-res/php/php-p0040.jpg,php-high-res:emotion-regulation-p034:php-p0040,php-high-res,true,pending,Higher-resolution comparison is displayed below the current copy.
emotion-regulation-p036,6 Emotional Regulation.pdf,36,Choosing Problem Solving or Opposite Action,worksheet,Emotion Regulation,/learn/emotion-regulation/opposite-action.html,high,high,42,php-p0042,42,145,0.344089,0.235199,0.108890,0,Orientation-aware visual score 0.3441; second-best physical page 145 scored 0.2352; uniqueness margin 0.1089. Manual audit confirmed the same printed title/content and distinctive layout.,/resources/high-res/php/php-p0042.pdf,/resources/high-res/php/php-p0042.jpg,php-high-res:emotion-regulation-p036:php-p0042,php-high-res,true,pending,Higher-resolution comparison is displayed below the current copy.
emotion-regulation-p043,6 Emotional Regulation.pdf,43,Opposite Action Elevator Example,reference,Emotion Regulation,/learn/emotion-regulation/opposite-action.html,none,none,,,104,122,0.307041,0.294840,0.012201,0,Orientation-aware visual score 0.3070; second-best physical page 122 scored 0.2948; uniqueness margin 0.0122. No sufficiently distinct same-page visual counterpart.,,,,,false,unmatched,Current curriculum resource remains the only public copy.
emotion-regulation-p066,6 Emotional Regulation.pdf,66,Building Positive Experiences Now,worksheet,Emotion Regulation,/learn/emotion-regulation/abc-please.html,none,none,,,149,17,0.202461,0.198763,0.003698,90,Orientation-aware visual score 0.2025; second-best physical page 17 scored 0.1988; uniqueness margin 0.0037. No sufficiently distinct same-page visual counterpart.,,,,,false,unmatched,Current curriculum resource remains the only public copy.
emotion-regulation-p067,6 Emotional Regulation.pdf,67,Daily Pleasant Moments Record,worksheet,Emotion Regulation,/learn/emotion-regulation/abc-please.html,none,none,,,2,1,0.248907,0.201649,0.047258,0,Orientation-aware visual score 0.2489; second-best physical page 1 scored 0.2016; uniqueness margin 0.0473. No sufficiently distinct same-page visual counterpart.,,,,,false,unmatched,Current curriculum resource remains the only public copy.
emotion-regulation-p068,6 Emotional Regulation.pdf,68,"Accumulating Positive Emotions: Long Term Worksheet, Part 1",worksheet,Emotion Regulation,/learn/emotion-regulation/abc-please.html,high,high,26,php-p0026,26,16,0.340308,0.257558,0.082751,0,Orientation-aware visual score 0.3403; second-best physical page 16 scored 0.2576; uniqueness margin 0.0828. Manual audit confirmed the same printed title/content and distinctive layout.,/resources/high-res/php/php-p0026.pdf,/resources/high-res/php/php-p0026.jpg,php-high-res:emotion-regulation-p068:php-p0026,php-high-res,true,pending,Higher-resolution comparison is displayed below the current copy.
emotion-regulation-p069,6 Emotional Regulation.pdf,69,"Accumulating Positive Emotions: Long Term Worksheet, Part 2",worksheet,Emotion Regulation,/learn/emotion-regulation/abc-please.html,high,high,27,php-p0027,27,15,0.499397,0.374361,0.125036,0,Orientation-aware visual score 0.4994; second-best physical page 15 scored 0.3744; uniqueness margin 0.1250. Manual audit confirmed the same printed title/content and distinctive layout.,/resources/high-res/php/php-p0027.pdf,/resources/high-res/php/php-p0027.jpg,php-high-res:emotion-regulation-p069:php-p0027,php-high-res,true,pending,Higher-resolution comparison is displayed below the current copy.
emotion-regulation-p071,6 Emotional Regulation.pdf,71,Building Mastery,handout,Emotion Regulation,/learn/emotion-regulation/positive-emotions-mastery-cope-ahead.html,high,high,29,php-p0029,29,105,0.270663,0.241503,0.029161,0,Orientation-aware visual score 0.2707; second-best physical page 105 scored 0.2415; uniqueness margin 0.0292. Manual audit confirmed the same printed title/content and distinctive layout.,/resources/high-res/php/php-p0029.pdf,/resources/high-res/php/php-p0029.jpg,php-high-res:emotion-regulation-p071:php-p0029,php-high-res,true,pending,Higher-resolution comparison is displayed below the current copy.
emotion-regulation-p072,6 Emotional Regulation.pdf,72,Changing Emotional Responses with Cope Ahead,handout,Emotion Regulation,/learn/emotion-regulation/positive-emotions-mastery-cope-ahead.html,none,none,,,146,43,0.252262,0.229466,0.022796,0,Orientation-aware visual score 0.2523; second-best physical page 43 scored 0.2295; uniqueness margin 0.0228. No sufficiently distinct same-page visual counterpart.,,,,,false,unmatched,Current curriculum resource remains the only public copy.
emotion-regulation-p073,6 Emotional Regulation.pdf,73,How to Cope Ahead,handout,Emotion Regulation,/learn/emotion-regulation/positive-emotions-mastery-cope-ahead.html,none,none,,,120,54,0.325964,0.310848,0.015116,0,Orientation-aware visual score 0.3260; second-best physical page 54 scored 0.3108; uniqueness margin 0.0151. No sufficiently distinct same-page visual counterpart.,,,,,false,unmatched,Current curriculum resource remains the only public copy.
emotion-regulation-p074,6 Emotional Regulation.pdf,74,Mind Mapping and Mastery,reference,Emotion Regulation,/learn/emotion-regulation/positive-emotions-mastery-cope-ahead.html,none,none,,,57,105,0.258889,0.239022,0.019867,270,Orientation-aware visual score 0.2589; second-best physical page 105 scored 0.2390; uniqueness margin 0.0199. No sufficiently distinct same-page visual counterpart.,,,,,false,unmatched,Current curriculum resource remains the only public copy.
emotion-regulation-p075,6 Emotional Regulation.pdf,75,Mastery Mind Map,exercise,Emotion Regulation,/learn/emotion-regulation/positive-emotions-mastery-cope-ahead.html,none,none,,,57,142,0.286937,0.235234,0.051703,0,Orientation-aware visual score 0.2869; second-best physical page 142 scored 0.2352; uniqueness margin 0.0517. No sufficiently distinct same-page visual counterpart.,,,,,false,unmatched,Current curriculum resource remains the only public copy.
emotion-regulation-p076,6 Emotional Regulation.pdf,76,Cope Ahead Worksheet,worksheet,Emotion Regulation,/learn/emotion-regulation/positive-emotions-mastery-cope-ahead.html,none,none,,,58,34,0.377425,0.359496,0.017929,270,Orientation-aware visual score 0.3774; second-best physical page 34 scored 0.3595; uniqueness margin 0.0179. No sufficiently distinct same-page visual counterpart.,,,,,false,unmatched,Current curriculum resource remains the only public copy.
emotion-regulation-p077,6 Emotional Regulation.pdf,77,"Cope Ahead for the Holidays, Part 1",exercise,Emotion Regulation,/learn/emotion-regulation/positive-emotions-mastery-cope-ahead.html,none,none,,,57,142,0.383507,0.381969,0.001538,180,Orientation-aware visual score 0.3835; second-best physical page 142 scored 0.3820; uniqueness margin 0.0015. No sufficiently distinct same-page visual counterpart.,,,,,false,unmatched,Current curriculum resource remains the only public copy.
emotion-regulation-p078,6 Emotional Regulation.pdf,78,"Cope Ahead for the Holidays, Part 2",exercise,Emotion Regulation,/learn/emotion-regulation/positive-emotions-mastery-cope-ahead.html,none,none,,,142,58,0.438013,0.407380,0.030633,90,Orientation-aware visual score 0.4380; second-best physical page 58 scored 0.4074; uniqueness margin 0.0306. No sufficiently distinct same-page visual counterpart.,,,,,false,unmatched,Current curriculum resource remains the only public copy.
cbt-skills-p003,7 CBT SKills.pdf,3,"Fear, Anxiety, Stress, and Panic",reference,CBT Skills,/learn/cbt-anxiety/introduction-to-cbt.html,none,none,,,57,142,0.399962,0.372975,0.026987,180,Orientation-aware visual score 0.4000; second-best physical page 142 scored 0.3730; uniqueness margin 0.0270. No sufficiently distinct same-page visual counterpart.,,,,,false,unmatched,Current curriculum resource remains the only public copy.
cbt-skills-p004,7 CBT SKills.pdf,4,Understanding My Anxiety,worksheet,CBT Skills,/learn/cbt-anxiety/introduction-to-cbt.html,none,none,,,146,105,0.292587,0.286432,0.006154,0,Orientation-aware visual score 0.2926; second-best physical page 105 scored 0.2864; uniqueness margin 0.0062. No sufficiently distinct same-page visual counterpart.,,,,,false,unmatched,Current curriculum resource remains the only public copy.
cbt-skills-p005,7 CBT SKills.pdf,5,The Cost of Anxiety,worksheet,CBT Skills,/learn/cbt-anxiety/introduction-to-cbt.html,none,none,,,146,115,0.240686,0.235964,0.004723,270,Orientation-aware visual score 0.2407; second-best physical page 115 scored 0.2360; uniqueness margin 0.0047. No sufficiently distinct same-page visual counterpart.,,,,,false,unmatched,Current curriculum resource remains the only public copy.
cbt-skills-p006,7 CBT SKills.pdf,6,Symptoms of Anxiety,reference,CBT Skills,/learn/cbt-anxiety/introduction-to-cbt.html,none,none,,,146,59,0.205268,0.200714,0.004554,90,Orientation-aware visual score 0.2053; second-best physical page 59 scored 0.2007; uniqueness margin 0.0046. No sufficiently distinct same-page visual counterpart.,,,,,false,unmatched,Current curriculum resource remains the only public copy.
cbt-skills-p007,7 CBT SKills.pdf,7,Alarming Adrenaline,reference,CBT Skills,/learn/cbt-anxiety/introduction-to-cbt.html,none,none,,,57,129,0.497450,0.381409,0.116041,270,Orientation-aware visual score 0.4975; second-best physical page 129 scored 0.3814; uniqueness margin 0.1160. No sufficiently distinct same-page visual counterpart.,,,,,false,unmatched,Current curriculum resource remains the only public copy.
cbt-skills-p008,7 CBT SKills.pdf,8,Fight or Flight,reference,CBT Skills,/learn/cbt-anxiety/introduction-to-cbt.html,none,none,,,57,142,0.372302,0.365919,0.006383,180,Orientation-aware visual score 0.3723; second-best physical page 142 scored 0.3659; uniqueness margin 0.0064. No sufficiently distinct same-page visual counterpart.,,,,,false,unmatched,Current curriculum resource remains the only public copy.
cbt-skills-p009,7 CBT SKills.pdf,9,Five Factor Model,handout,CBT Skills,/learn/cbt-anxiety/introduction-to-cbt.html,none,none,,,39,58,0.279876,0.276395,0.003481,0,Orientation-aware visual score 0.2799; second-best physical page 58 scored 0.2764; uniqueness margin 0.0035. No sufficiently distinct same-page visual counterpart.,,,,,false,unmatched,Current curriculum resource remains the only public copy.
cbt-skills-p010,7 CBT SKills.pdf,10,Five Factor Model Worksheet,worksheet,CBT Skills,/learn/cbt-anxiety/introduction-to-cbt.html,none,none,,,142,103,0.173718,0.167995,0.005722,90,Orientation-aware visual score 0.1737; second-best physical page 103 scored 0.1680; uniqueness margin 0.0057. No sufficiently distinct same-page visual counterpart.,,,,,false,unmatched,Current curriculum resource remains the only public copy.
cbt-skills-p012,7 CBT SKills.pdf,12,Thinking Traps Overview,reference,CBT Skills,/learn/cbt-anxiety/thinking-traps.html,none,none,,,86,132,0.141465,0.140818,0.000647,0,Orientation-aware visual score 0.1415; second-best physical page 132 scored 0.1408; uniqueness margin 0.0006. No sufficiently distinct same-page visual counterpart.,,,,,false,unmatched,Current curriculum resource remains the only public copy.
cbt-skills-p013,7 CBT SKills.pdf,13,Testing Your Thoughts: Side One,worksheet,CBT Skills,/learn/cbt-anxiety/thinking-traps.html,none,none,,,142,109,0.311441,0.307046,0.004394,90,Orientation-aware visual score 0.3114; second-best physical page 109 scored 0.3070; uniqueness margin 0.0044. No sufficiently distinct same-page visual counterpart.,,,,,false,unmatched,Current curriculum resource remains the only public copy.
cbt-skills-p014,7 CBT SKills.pdf,14,What Are Core Beliefs?,reference,CBT Skills,/learn/cbt-anxiety/thinking-traps.html,none,none,,,145,114,0.390386,0.371799,0.018587,0,Orientation-aware visual score 0.3904; second-best physical page 114 scored 0.3718; uniqueness margin 0.0186. No sufficiently distinct same-page visual counterpart.,,,,,false,unmatched,Current curriculum resource remains the only public copy.
cbt-skills-p015,7 CBT SKills.pdf,15,Testing Your Thoughts: Side Two,worksheet,CBT Skills,/learn/cbt-anxiety/thinking-traps.html,none,none,,,1,82,0.386364,0.320122,0.066242,0,Orientation-aware visual score 0.3864; second-best physical page 82 scored 0.3201; uniqueness margin 0.0662. No sufficiently distinct same-page visual counterpart.,,,,,false,unmatched,Current curriculum resource remains the only public copy.
cbt-skills-p016,7 CBT SKills.pdf,16,Find the Thinking Traps,exercise,CBT Skills,/learn/cbt-anxiety/thinking-traps.html,high,high,16,php-p0016,16,86,0.356743,0.215954,0.140789,0,Orientation-aware visual score 0.3567; second-best physical page 86 scored 0.2160; uniqueness margin 0.1408. Manual audit confirmed the same printed title/content and distinctive layout.,/resources/high-res/php/php-p0016.pdf,/resources/high-res/php/php-p0016.jpg,php-high-res:cbt-skills-p016:php-p0016,php-high-res,true,pending,Higher-resolution comparison is displayed below the current copy.
cbt-skills-p017,7 CBT SKills.pdf,17,"Identifying Thinking Traps, Part 1",worksheet,CBT Skills,/learn/cbt-anxiety/thinking-traps.html,high,high,17,php-p0017,17,18,0.655760,0.356598,0.299162,0,Orientation-aware visual score 0.6558; second-best physical page 18 scored 0.3566; uniqueness margin 0.2992. Manual audit confirmed the same printed title/content and distinctive layout.,/resources/high-res/php/php-p0017.pdf,/resources/high-res/php/php-p0017.jpg,php-high-res:cbt-skills-p017:php-p0017,php-high-res,true,pending,Higher-resolution comparison is displayed below the current copy.
cbt-skills-p018,7 CBT SKills.pdf,18,"Identifying Thinking Traps, Part 2",worksheet,CBT Skills,/learn/cbt-anxiety/thinking-traps.html,high,high,18,php-p0018,18,17,0.486950,0.354405,0.132545,0,Orientation-aware visual score 0.4869; second-best physical page 17 scored 0.3544; uniqueness margin 0.1325. Manual audit confirmed the same printed title/content and distinctive layout.,/resources/high-res/php/php-p0018.pdf,/resources/high-res/php/php-p0018.jpg,php-high-res:cbt-skills-p018:php-p0018,php-high-res,true,pending,Higher-resolution comparison is displayed below the current copy.
cbt-skills-p020,7 CBT SKills.pdf,20,The Farmer and His Horse,reference,CBT Skills,/learn/cbt-anxiety/thought-records.html,none,none,,,19,39,0.498579,0.442616,0.055963,0,Orientation-aware visual score 0.4986; second-best physical page 39 scored 0.4426; uniqueness margin 0.0560. No sufficiently distinct same-page visual counterpart.,,,,,false,unmatched,Current curriculum resource remains the only public copy.
cbt-skills-p021,7 CBT SKills.pdf,21,How to Get Out of a Thinking Trap,handout,CBT Skills,/learn/cbt-anxiety/thought-records.html,none,none,,,142,39,0.402246,0.354664,0.047582,90,Orientation-aware visual score 0.4022; second-best physical page 39 scored 0.3547; uniqueness margin 0.0476. No sufficiently distinct same-page visual counterpart.,,,,,false,unmatched,Current curriculum resource remains the only public copy.
cbt-skills-p022,7 CBT SKills.pdf,22,Challenge Negative Thinking,reference,CBT Skills,/learn/cbt-anxiety/thought-records.html,none,none,,,99,39,0.318882,0.283060,0.035822,0,Orientation-aware visual score 0.3189; second-best physical page 39 scored 0.2831; uniqueness margin 0.0358. No sufficiently distinct same-page visual counterpart.,,,,,false,unmatched,Current curriculum resource remains the only public copy.
cbt-skills-p023,7 CBT SKills.pdf,23,Challenging Negative Thinking Practice,worksheet,CBT Skills,/learn/cbt-anxiety/thought-records.html,none,none,,,80,124,0.266358,0.264713,0.001645,0,Orientation-aware visual score 0.2664; second-best physical page 124 scored 0.2647; uniqueness margin 0.0016. No sufficiently distinct same-page visual counterpart.,,,,,false,unmatched,Current curriculum resource remains the only public copy.
cbt-skills-p024,7 CBT SKills.pdf,24,Thought Record Part 1,handout,CBT Skills,/learn/cbt-anxiety/thought-records.html,none,none,,,146,54,0.223260,0.155945,0.067315,180,Orientation-aware visual score 0.2233; second-best physical page 54 scored 0.1559; uniqueness margin 0.0673. No sufficiently distinct same-page visual counterpart.,,,,,false,unmatched,Current curriculum resource remains the only public copy.
cbt-skills-p025,7 CBT SKills.pdf,25,Identifying Automatic Thoughts,worksheet,CBT Skills,/learn/cbt-anxiety/thought-records.html,none,none,,,109,145,0.299809,0.293469,0.006340,0,Orientation-aware visual score 0.2998; second-best physical page 145 scored 0.2935; uniqueness margin 0.0063. No sufficiently distinct same-page visual counterpart.,,,,,false,unmatched,Current curriculum resource remains the only public copy.
cbt-skills-p027,7 CBT SKills.pdf,27,Thought Record Part 2: Challenging the Hot Thought,handout,CBT Skills,/learn/cbt-anxiety/thought-records-part-2.html,high,high,12,php-p0012,12,127,0.367507,0.239381,0.128126,0,Orientation-aware visual score 0.3675; second-best physical page 127 scored 0.2394; uniqueness margin 0.1281. Manual audit confirmed the same printed title/content and distinctive layout.,/resources/high-res/php/php-p0012.pdf,/resources/high-res/php/php-p0012.jpg,php-high-res:cbt-skills-p027:php-p0012,php-high-res,true,pending,Higher-resolution comparison is displayed below the current copy.
cbt-skills-p028,7 CBT SKills.pdf,28,Looking for Evidence,handout,CBT Skills,/learn/cbt-anxiety/thought-records-part-2.html,high,high,13,php-p0013,13,146,0.402027,0.334474,0.067553,0,Orientation-aware visual score 0.4020; second-best physical page 146 scored 0.3345; uniqueness margin 0.0676. Manual audit confirmed the same printed title/content and distinctive layout.,/resources/high-res/php/php-p0013.pdf,/resources/high-res/php/php-p0013.jpg,php-high-res:cbt-skills-p028:php-p0013,php-high-res,true,pending,Higher-resolution comparison is displayed below the current copy.
cbt-skills-p029,7 CBT SKills.pdf,29,Creating Balanced Alternatives,handout,CBT Skills,/learn/cbt-anxiety/thought-records-part-2.html,high,high,14,php-p0014,14,142,0.341806,0.311061,0.030745,0,Orientation-aware visual score 0.3418; second-best physical page 142 scored 0.3111; uniqueness margin 0.0307. Manual audit confirmed the same printed title/content and distinctive layout.,/resources/high-res/php/php-p0014.pdf,/resources/high-res/php/php-p0014.jpg,php-high-res:cbt-skills-p029:php-p0014,php-high-res,true,pending,Higher-resolution comparison is displayed below the current copy.
cbt-skills-p030,7 CBT SKills.pdf,30,Best Friend Technique and Re-Rating,handout,CBT Skills,/learn/cbt-anxiety/thought-records-part-2.html,high,high,15,php-p0015,15,145,0.596824,0.401345,0.195479,0,Orientation-aware visual score 0.5968; second-best physical page 145 scored 0.4013; uniqueness margin 0.1955. Manual audit confirmed the same printed title/content and distinctive layout.,/resources/high-res/php/php-p0015.pdf,/resources/high-res/php/php-p0015.jpg,php-high-res:cbt-skills-p030:php-p0015,php-high-res,true,pending,Higher-resolution comparison is displayed below the current copy.
cbt-skills-p031,7 CBT SKills.pdf,31,Thoughts About Thought Records,reference,CBT Skills,/learn/cbt-anxiety/thought-records-part-2.html,none,none,,,105,43,0.350605,0.334706,0.015898,0,Orientation-aware visual score 0.3506; second-best physical page 43 scored 0.3347; uniqueness margin 0.0159. No sufficiently distinct same-page visual counterpart.,,,,,false,unmatched,Current curriculum resource remains the only public copy.
cbt-skills-p032,7 CBT SKills.pdf,32,Completed Thought Record Example 1,reference,CBT Skills,/learn/cbt-anxiety/thought-records-part-2.html,none,none,,,149,148,0.229139,0.214769,0.014370,90,Orientation-aware visual score 0.2291; second-best physical page 148 scored 0.2148; uniqueness margin 0.0144. No sufficiently distinct same-page visual counterpart.,,,,,false,unmatched,Current curriculum resource remains the only public copy.
cbt-skills-p033,7 CBT SKills.pdf,33,Completed Thought Record Example 2,reference,CBT Skills,/learn/cbt-anxiety/thought-records-part-2.html,none,none,,,146,148,0.220565,0.212983,0.007582,90,Orientation-aware visual score 0.2206; second-best physical page 148 scored 0.2130; uniqueness margin 0.0076. No sufficiently distinct same-page visual counterpart.,,,,,false,unmatched,Current curriculum resource remains the only public copy.
cbt-skills-p034,7 CBT SKills.pdf,34,Blank Thought Record,worksheet,CBT Skills,/learn/cbt-anxiety/thought-records-part-2.html,none,none,,,143,1,0.215520,0.203733,0.011788,0,Orientation-aware visual score 0.2155; second-best physical page 1 scored 0.2037; uniqueness margin 0.0118. No sufficiently distinct same-page visual counterpart.,,,,,false,unmatched,Current curriculum resource remains the only public copy.
cbt-skills-p036,7 CBT SKills.pdf,36,"Understanding Worry, Part 1",handout,CBT Skills,/learn/cbt-anxiety/understanding-worry.html,none,none,,,8,103,0.226450,0.184077,0.042373,0,Orientation-aware visual score 0.2265; second-best physical page 103 scored 0.1841; uniqueness margin 0.0424. No sufficiently distinct same-page visual counterpart.,,,,,false,unmatched,Current curriculum resource remains the only public copy.
cbt-skills-p037,7 CBT SKills.pdf,37,"Understanding Worry, Part 2",handout,CBT Skills,/learn/cbt-anxiety/understanding-worry.html,high,high,8,php-p0008,8,103,0.619193,0.312810,0.306383,0,Orientation-aware visual score 0.6192; second-best physical page 103 scored 0.3128; uniqueness margin 0.3064. Manual audit confirmed the same printed title/content and distinctive layout.,/resources/high-res/php/php-p0008.pdf,/resources/high-res/php/php-p0008.jpg,php-high-res:cbt-skills-p037:php-p0008,php-high-res,true,pending,Higher-resolution comparison is displayed below the current copy.
cbt-skills-p038,7 CBT SKills.pdf,38,Worry Beliefs,reference,CBT Skills,/learn/cbt-anxiety/understanding-worry.html,high,high,9,php-p0009,9,142,0.737697,0.319200,0.418497,0,Orientation-aware visual score 0.7377; second-best physical page 142 scored 0.3192; uniqueness margin 0.4185. Manual audit confirmed the same printed title/content and distinctive layout.,/resources/high-res/php/php-p0009.pdf,/resources/high-res/php/php-p0009.jpg,php-high-res:cbt-skills-p038:php-p0009,php-high-res,true,pending,Higher-resolution comparison is displayed below the current copy.
cbt-skills-p039,7 CBT SKills.pdf,39,Worry and Problem Solving,reference,CBT Skills,/learn/cbt-anxiety/understanding-worry.html,high,high,10,php-p0010,10,142,0.467872,0.339152,0.128720,0,Orientation-aware visual score 0.4679; second-best physical page 142 scored 0.3392; uniqueness margin 0.1287. Manual audit confirmed the same printed title/content and distinctive layout.,/resources/high-res/php/php-p0010.pdf,/resources/high-res/php/php-p0010.jpg,php-high-res:cbt-skills-p039:php-p0010,php-high-res,true,pending,Higher-resolution comparison is displayed below the current copy.
cbt-skills-p040,7 CBT SKills.pdf,40,Postpone Your Worry,handout,CBT Skills,/learn/cbt-anxiety/understanding-worry.html,none,none,,,146,58,0.292899,0.275780,0.017119,0,Orientation-aware visual score 0.2929; second-best physical page 58 scored 0.2758; uniqueness margin 0.0171. No sufficiently distinct same-page visual counterpart.,,,,,false,unmatched,Current curriculum resource remains the only public copy.
cbt-skills-p041,7 CBT SKills.pdf,41,Using the Worry Tree,handout,CBT Skills,/learn/cbt-anxiety/understanding-worry.html,none,none,,,148,105,0.327311,0.305699,0.021611,0,Orientation-aware visual score 0.3273; second-best physical page 105 scored 0.3057; uniqueness margin 0.0216. No sufficiently distinct same-page visual counterpart.,,,,,false,unmatched,Current curriculum resource remains the only public copy.
cbt-skills-p042,7 CBT SKills.pdf,42,The Worry Tree,reference,CBT Skills,/learn/cbt-anxiety/understanding-worry.html,none,none,,,57,142,0.586483,0.510717,0.075766,90,Orientation-aware visual score 0.5865; second-best physical page 142 scored 0.5107; uniqueness margin 0.0758. No sufficiently distinct same-page visual counterpart.,,,,,false,unmatched,Current curriculum resource remains the only public copy.
cbt-skills-p044,7 CBT SKills.pdf,44,Worry Diary,worksheet,CBT Skills,/learn/cbt-anxiety/understanding-worry.html,none,none,,,90,17,0.309548,0.274553,0.034995,90,Orientation-aware visual score 0.3095; second-best physical page 17 scored 0.2746; uniqueness margin 0.0350. No sufficiently distinct same-page visual counterpart.,,,,,false,unmatched,Current curriculum resource remains the only public copy.
cbt-skills-p045,7 CBT SKills.pdf,45,Fear Ladder Starter,worksheet,CBT Skills,/learn/cbt-anxiety/understanding-worry.html,none,none,,,142,72,0.358184,0.351036,0.007149,180,Orientation-aware visual score 0.3582; second-best physical page 72 scored 0.3510; uniqueness margin 0.0071. No sufficiently distinct same-page visual counterpart.,,,,,false,unmatched,Current curriculum resource remains the only public copy.
cbt-skills-p047,7 CBT SKills.pdf,47,Avoidance Worksheet,worksheet,CBT Skills,/learn/cbt-anxiety/safety-behaviours-exposure.html,none,none,,,40,6,0.327806,0.288138,0.039668,0,Orientation-aware visual score 0.3278; second-best physical page 6 scored 0.2881; uniqueness margin 0.0397. No sufficiently distinct same-page visual counterpart.,,,,,false,unmatched,Current curriculum resource remains the only public copy.
cbt-skills-p048,7 CBT SKills.pdf,48,What Are Safety Behaviours?,handout,CBT Skills,/learn/cbt-anxiety/safety-behaviours-exposure.html,high,high,7,php-p0007,7,54,0.483146,0.275350,0.207796,0,Orientation-aware visual score 0.4831; second-best physical page 54 scored 0.2753; uniqueness margin 0.2078. Manual audit confirmed the same printed title/content and distinctive layout.,/resources/high-res/php/php-p0007.pdf,/resources/high-res/php/php-p0007.jpg,php-high-res:cbt-skills-p048:php-p0007,php-high-res,true,pending,Higher-resolution comparison is displayed below the current copy.
cbt-skills-p049,7 CBT SKills.pdf,49,Safety Behaviour Checklist,worksheet,CBT Skills,/learn/cbt-anxiety/safety-behaviours-exposure.html,none,none,,,142,57,0.420739,0.399624,0.021115,180,Orientation-aware visual score 0.4207; second-best physical page 57 scored 0.3996; uniqueness margin 0.0211. No sufficiently distinct same-page visual counterpart.,,,,,false,unmatched,Current curriculum resource remains the only public copy.
cbt-skills-p050,7 CBT SKills.pdf,50,Situational Exposure,handout,CBT Skills,/learn/cbt-anxiety/safety-behaviours-exposure.html,none,none,,,146,15,0.339833,0.254584,0.085249,0,Orientation-aware visual score 0.3398; second-best physical page 15 scored 0.2546; uniqueness margin 0.0852. No sufficiently distinct same-page visual counterpart.,,,,,false,unmatched,Current curriculum resource remains the only public copy.
cbt-skills-p051,7 CBT SKills.pdf,51,Examples of Fear Ladders,reference,CBT Skills,/learn/cbt-anxiety/safety-behaviours-exposure.html,none,none,,,33,145,0.407566,0.361886,0.045680,90,Orientation-aware visual score 0.4076; second-best physical page 145 scored 0.3619; uniqueness margin 0.0457. No sufficiently distinct same-page visual counterpart.,,,,,false,unmatched,Current curriculum resource remains the only public copy.
cbt-skills-p052,7 CBT SKills.pdf,52,Ideas for Challenging Different Fears,reference,CBT Skills,/learn/cbt-anxiety/safety-behaviours-exposure.html,none,none,,,57,105,0.352804,0.339668,0.013136,180,Orientation-aware visual score 0.3528; second-best physical page 105 scored 0.3397; uniqueness margin 0.0131. No sufficiently distinct same-page visual counterpart.,,,,,false,unmatched,Current curriculum resource remains the only public copy.
cbt-skills-p053,7 CBT SKills.pdf,53,Developing Exposure Hierarchies,worksheet,CBT Skills,/learn/cbt-anxiety/safety-behaviours-exposure.html,none,none,,,121,134,0.250573,0.191199,0.059374,0,Orientation-aware visual score 0.2506; second-best physical page 134 scored 0.1912; uniqueness margin 0.0594. No sufficiently distinct same-page visual counterpart.,,,,,false,unmatched,Current curriculum resource remains the only public copy.
cbt-skills-p054,7 CBT SKills.pdf,54,Exposure Hierarchy Worksheet,worksheet,CBT Skills,/learn/cbt-anxiety/safety-behaviours-exposure.html,none,none,,,116,121,0.257435,0.254257,0.003178,0,Orientation-aware visual score 0.2574; second-best physical page 121 scored 0.2543; uniqueness margin 0.0032. No sufficiently distinct same-page visual counterpart.,,,,,false,unmatched,Current curriculum resource remains the only public copy.
