source_id,lesson_qmd,resource_title,best_text_source,extraction_method,integrated_into_existing_section,ocr_used,structure_confidence,review_needed,notes
cbt-skills-p003,site/learn/cbt-anxiety/introduction-to-cbt.qmd,"Fear, Anxiety, Stress, and Panic",section-scan,windows_ocr,false,true,medium,true,Printed text OCR was normalized and structured from the page image; visual comparison is required before final acceptance.
cbt-skills-p004,site/learn/cbt-anxiety/introduction-to-cbt.qmd,Understanding My Anxiety,section-scan,windows_ocr,false,true,medium,true,Printed text OCR was normalized and structured from the page image; visual comparison is required before final acceptance.
cbt-skills-p005,site/learn/cbt-anxiety/introduction-to-cbt.qmd,The Cost of Anxiety,section-scan,windows_ocr,false,true,medium,true,Printed text OCR was normalized and structured from the page image; visual comparison is required before final acceptance.
cbt-skills-p006,site/learn/cbt-anxiety/introduction-to-cbt.qmd,Symptoms of Anxiety,section-scan,windows_ocr,false,true,low,true,Printed text OCR was normalized and structured from the page image; visual comparison is required before final acceptance.
cbt-skills-p007,site/learn/cbt-anxiety/introduction-to-cbt.qmd,Alarming Adrenaline,section-scan,windows_ocr,false,true,medium,true,Printed text OCR was normalized and structured from the page image; visual comparison is required before final acceptance.
cbt-skills-p008,site/learn/cbt-anxiety/introduction-to-cbt.qmd,Fight or Flight,section-scan,windows_ocr,false,true,medium,true,Printed text OCR was normalized and structured from the page image; visual comparison is required before final acceptance.
cbt-skills-p009,site/learn/cbt-anxiety/introduction-to-cbt.qmd,Five Factor Model,section-scan,windows_ocr,true,true,high,false,Printed text OCR was normalized and structured from the page image; visual comparison is required before final acceptance. Native wording is integrated into existing stable lesson anchors.
cbt-skills-p010,site/learn/cbt-anxiety/introduction-to-cbt.qmd,Five Factor Model Worksheet,section-scan,windows_ocr,false,true,low,true,Printed text OCR was normalized and structured from the page image; visual comparison is required before final acceptance.
cbt-skills-p012,site/learn/cbt-anxiety/thinking-traps.qmd,Thinking Traps Overview,section-scan,windows_ocr,true,true,high,false,Printed text OCR was normalized and structured from the page image; visual comparison is required before final acceptance. Native wording is integrated into existing stable lesson anchors.
cbt-skills-p013,site/learn/cbt-anxiety/thinking-traps.qmd,Testing Your Thoughts: Side One,section-scan,windows_ocr,false,true,medium,true,Printed text OCR was normalized and structured from the page image; visual comparison is required before final acceptance.
cbt-skills-p014,site/learn/cbt-anxiety/thinking-traps.qmd,What Are Core Beliefs?,section-scan,windows_ocr,false,true,medium,true,Printed text OCR was normalized and structured from the page image; visual comparison is required before final acceptance.
cbt-skills-p015,site/learn/cbt-anxiety/thinking-traps.qmd,Testing Your Thoughts: Side Two,section-scan,windows_ocr,false,true,medium,true,Printed text OCR was normalized and structured from the page image; visual comparison is required before final acceptance.
cbt-skills-p016,site/learn/cbt-anxiety/thinking-traps.qmd,Find the Thinking Traps,php-high-res,windows_ocr,false,true,medium,true,Printed text OCR was normalized and structured from the page image; visual comparison is required before final acceptance.
cbt-skills-p017,site/learn/cbt-anxiety/thinking-traps.qmd,"Identifying Thinking Traps, Part 1",php-high-res,windows_ocr,false,true,medium,true,Printed text OCR was normalized and structured from the page image; visual comparison is required before final acceptance.
cbt-skills-p018,site/learn/cbt-anxiety/thinking-traps.qmd,"Identifying Thinking Traps, Part 2",php-high-res,windows_ocr,false,true,medium,true,Printed text OCR was normalized and structured from the page image; visual comparison is required before final acceptance.
cbt-skills-p020,site/learn/cbt-anxiety/thought-records.qmd,The Farmer and His Horse,section-scan,windows_ocr,false,true,medium,true,Printed text OCR was normalized and structured from the page image; visual comparison is required before final acceptance.
cbt-skills-p021,site/learn/cbt-anxiety/thought-records.qmd,How to Get Out of a Thinking Trap,section-scan,windows_ocr,false,true,medium,true,Printed text OCR was normalized and structured from the page image; visual comparison is required before final acceptance.
cbt-skills-p022,site/learn/cbt-anxiety/thought-records.qmd,Challenge Negative Thinking,section-scan,windows_ocr,false,true,medium,true,Printed text OCR was normalized and structured from the page image; visual comparison is required before final acceptance.
cbt-skills-p023,site/learn/cbt-anxiety/thought-records.qmd,Challenging Negative Thinking Practice,section-scan,windows_ocr,false,true,medium,true,Printed text OCR was normalized and structured from the page image; visual comparison is required before final acceptance.
cbt-skills-p024,site/learn/cbt-anxiety/thought-records.qmd,Thought Record Part 1,section-scan,windows_ocr,true,true,high,false,Printed text OCR was normalized and structured from the page image; visual comparison is required before final acceptance. Native wording is integrated into existing stable lesson anchors.
cbt-skills-p025,site/learn/cbt-anxiety/thought-records.qmd,Identifying Automatic Thoughts,section-scan,windows_ocr,false,true,medium,true,Printed text OCR was normalized and structured from the page image; visual comparison is required before final acceptance.
cbt-skills-p027,site/learn/cbt-anxiety/thought-records-part-2.qmd,Thought Record Part 2: Challenging the Hot Thought,php-high-res,windows_ocr,true,true,high,false,Printed text OCR was normalized and structured from the page image; visual comparison is required before final acceptance. Native wording is integrated into existing stable lesson anchors.
cbt-skills-p028,site/learn/cbt-anxiety/thought-records-part-2.qmd,Looking for Evidence,php-high-res,windows_ocr,false,true,medium,true,Printed text OCR was normalized and structured from the page image; visual comparison is required before final acceptance.
cbt-skills-p029,site/learn/cbt-anxiety/thought-records-part-2.qmd,Creating Balanced Alternatives,php-high-res,windows_ocr,false,true,medium,true,Printed text OCR was normalized and structured from the page image; visual comparison is required before final acceptance.
cbt-skills-p030,site/learn/cbt-anxiety/thought-records-part-2.qmd,Best Friend Technique and Re-Rating,php-high-res,windows_ocr,false,true,medium,true,Printed text OCR was normalized and structured from the page image; visual comparison is required before final acceptance.
cbt-skills-p031,site/learn/cbt-anxiety/thought-records-part-2.qmd,Thoughts About Thought Records,section-scan,windows_ocr,false,true,medium,true,Printed text OCR was normalized and structured from the page image; visual comparison is required before final acceptance.
cbt-skills-p032,site/learn/cbt-anxiety/thought-records-part-2.qmd,Completed Thought Record Example 1,section-scan,windows_ocr,false,true,medium,true,Printed text OCR was normalized and structured from the page image; visual comparison is required before final acceptance.
cbt-skills-p033,site/learn/cbt-anxiety/thought-records-part-2.qmd,Completed Thought Record Example 2,section-scan,windows_ocr,false,true,medium,true,Printed text OCR was normalized and structured from the page image; visual comparison is required before final acceptance.
cbt-skills-p034,site/learn/cbt-anxiety/thought-records-part-2.qmd,Blank Thought Record,section-scan,windows_ocr,true,true,high,false,Printed text OCR was normalized and structured from the page image; visual comparison is required before final acceptance. Native wording is integrated into existing stable lesson anchors.
cbt-skills-p036,site/learn/cbt-anxiety/understanding-worry.qmd,"Understanding Worry, Part 1",section-scan,windows_ocr,false,true,medium,true,Printed text OCR was normalized and structured from the page image; visual comparison is required before final acceptance.
cbt-skills-p037,site/learn/cbt-anxiety/understanding-worry.qmd,"Understanding Worry, Part 2",php-high-res,windows_ocr,false,true,medium,true,Printed text OCR was normalized and structured from the page image; visual comparison is required before final acceptance.
cbt-skills-p038,site/learn/cbt-anxiety/understanding-worry.qmd,Worry Beliefs,php-high-res,windows_ocr,false,true,medium,true,Printed text OCR was normalized and structured from the page image; visual comparison is required before final acceptance.
cbt-skills-p039,site/learn/cbt-anxiety/understanding-worry.qmd,Worry and Problem Solving,php-high-res,windows_ocr,false,true,medium,true,Printed text OCR was normalized and structured from the page image; visual comparison is required before final acceptance.
cbt-skills-p040,site/learn/cbt-anxiety/understanding-worry.qmd,Postpone Your Worry,section-scan,windows_ocr,false,true,medium,true,Printed text OCR was normalized and structured from the page image; visual comparison is required before final acceptance.
cbt-skills-p041,site/learn/cbt-anxiety/understanding-worry.qmd,Using the Worry Tree,section-scan,windows_ocr,true,true,high,false,Printed text OCR was normalized and structured from the page image; visual comparison is required before final acceptance. Native wording is integrated into existing stable lesson anchors.
cbt-skills-p042,site/learn/cbt-anxiety/understanding-worry.qmd,The Worry Tree,section-scan,windows_ocr,true,true,high,false,Printed text OCR was normalized and structured from the page image; visual comparison is required before final acceptance. Native wording is integrated into existing stable lesson anchors.
cbt-skills-p044,site/learn/cbt-anxiety/understanding-worry.qmd,Worry Diary,section-scan,windows_ocr,false,true,low,true,Printed text OCR was normalized and structured from the page image; visual comparison is required before final acceptance.
cbt-skills-p045,site/learn/cbt-anxiety/understanding-worry.qmd,Fear Ladder Starter,section-scan,windows_ocr,false,true,low,true,Printed text OCR was normalized and structured from the page image; visual comparison is required before final acceptance.
cbt-skills-p047,site/learn/cbt-anxiety/safety-behaviours-exposure.qmd,Avoidance Worksheet,section-scan,windows_ocr,false,true,medium,true,Printed text OCR was normalized and structured from the page image; visual comparison is required before final acceptance.
cbt-skills-p048,site/learn/cbt-anxiety/safety-behaviours-exposure.qmd,What Are Safety Behaviours?,php-high-res,windows_ocr,true,true,high,false,Printed text OCR was normalized and structured from the page image; visual comparison is required before final acceptance. Native wording is integrated into existing stable lesson anchors.
cbt-skills-p049,site/learn/cbt-anxiety/safety-behaviours-exposure.qmd,Safety Behaviour Checklist,section-scan,windows_ocr,false,true,medium,true,Printed text OCR was normalized and structured from the page image; visual comparison is required before final acceptance.
cbt-skills-p050,site/learn/cbt-anxiety/safety-behaviours-exposure.qmd,Situational Exposure,section-scan,windows_ocr,true,true,high,false,Printed text OCR was normalized and structured from the page image; visual comparison is required before final acceptance. Native wording is integrated into existing stable lesson anchors.
cbt-skills-p051,site/learn/cbt-anxiety/safety-behaviours-exposure.qmd,Examples of Fear Ladders,section-scan,windows_ocr,false,true,medium,true,Printed text OCR was normalized and structured from the page image; visual comparison is required before final acceptance.
cbt-skills-p052,site/learn/cbt-anxiety/safety-behaviours-exposure.qmd,Ideas for Challenging Different Fears,section-scan,windows_ocr,false,true,medium,true,Printed text OCR was normalized and structured from the page image; visual comparison is required before final acceptance.
cbt-skills-p053,site/learn/cbt-anxiety/safety-behaviours-exposure.qmd,Developing Exposure Hierarchies,section-scan,windows_ocr,true,true,high,false,Printed text OCR was normalized and structured from the page image; visual comparison is required before final acceptance. Native wording is integrated into existing stable lesson anchors.
cbt-skills-p054,site/learn/cbt-anxiety/safety-behaviours-exposure.qmd,Exposure Hierarchy Worksheet,section-scan,windows_ocr,true,true,high,false,Printed text OCR was normalized and structured from the page image; visual comparison is required before final acceptance. Native wording is integrated into existing stable lesson anchors.
distress-tolerance-p003,site/learn/distress-tolerance/stop-crisis-survival.qmd,How Can I Make a Distress Crisis Worse?,section-scan,windows_ocr,false,true,low,true,Printed text OCR was normalized and structured from the page image; visual comparison is required before final acceptance.
distress-tolerance-p004,site/learn/distress-tolerance/stop-crisis-survival.qmd,When to Use Crisis Survival Skills,searchable-dbt-book,direct_pdf_text,false,false,medium,true,Embedded searchable PDF text normalized and structured in QMD; repeated publication footer omitted. Visual structure still requires review unless integrated into an authored section.
distress-tolerance-p005,site/learn/distress-tolerance/radical-acceptance.qmd,Turning the Mind,searchable-dbt-book,direct_pdf_text,true,false,high,false,Embedded searchable PDF text normalized and structured in QMD; repeated publication footer omitted. Visual structure still requires review unless integrated into an authored section. Native wording is integrated into existing stable lesson anchors.
distress-tolerance-p006,site/learn/distress-tolerance/radical-acceptance.qmd,Willingness,searchable-dbt-book,direct_pdf_text,true,false,high,false,Embedded searchable PDF text normalized and structured in QMD; repeated publication footer omitted. Visual structure still requires review unless integrated into an authored section. Native wording is integrated into existing stable lesson anchors.
distress-tolerance-p007,site/learn/distress-tolerance/stop-crisis-survival.qmd,STOP Skill,searchable-dbt-book,direct_pdf_text,true,false,high,false,Embedded searchable PDF text normalized and structured in QMD; repeated publication footer omitted. Visual structure still requires review unless integrated into an authored section. Native wording is integrated into existing stable lesson anchors.
distress-tolerance-p008,site/learn/distress-tolerance/radical-acceptance.qmd,"Turning the Mind, Willingness, and Willfulness",searchable-dbt-book,direct_pdf_text,false,false,medium,true,Embedded searchable PDF text normalized and structured in QMD; repeated publication footer omitted. Visual structure still requires review unless integrated into an authored section.
distress-tolerance-p009,site/learn/distress-tolerance/stop-crisis-survival.qmd,Using the STOP Skill,section-scan,windows_ocr,false,true,medium,true,Printed text OCR was normalized and structured from the page image; visual comparison is required before final acceptance.
distress-tolerance-p011,site/learn/distress-tolerance/tipp.qmd,Window of Tolerance,php-high-res,manual_transcription,false,true,high,false,OCR was compared with the high-resolution visual and manually linearized into semantic arousal states.
distress-tolerance-p012,site/learn/distress-tolerance/tipp.qmd,Changing Your Body Chemistry with TIPP,searchable-dbt-book,direct_pdf_text,true,false,high,false,Embedded searchable PDF text normalized and structured in QMD; repeated publication footer omitted. Visual structure still requires review unless integrated into an authored section. Native wording is integrated into existing stable lesson anchors.
distress-tolerance-p013,site/learn/distress-tolerance/tipp.qmd,"Using Cold Water, Step by Step",searchable-dbt-book,direct_pdf_text,false,false,medium,true,Embedded searchable PDF text normalized and structured in QMD; repeated publication footer omitted. Visual structure still requires review unless integrated into an authored section.
distress-tolerance-p014,site/learn/distress-tolerance/tipp.qmd,"Paired Muscle Relaxation, Step by Step",searchable-dbt-book,direct_pdf_text,false,false,medium,true,Embedded searchable PDF text normalized and structured in QMD; repeated publication footer omitted. Visual structure still requires review unless integrated into an authored section.
distress-tolerance-p015,site/learn/distress-tolerance/tipp.qmd,Progressive Muscle Relaxation: Nose to Toes,section-scan,manual_transcription,false,true,high,false,Low-quality OCR was replaced after visual inspection with a semantic exercise sequence; handwritten numbering was excluded.
distress-tolerance-p016,site/learn/distress-tolerance/tipp.qmd,Changing Body Chemistry with TIPP Skills,searchable-dbt-book,direct_pdf_text,false,false,medium,true,Embedded searchable PDF text normalized and structured in QMD; repeated publication footer omitted. Visual structure still requires review unless integrated into an authored section.
distress-tolerance-p018,site/learn/distress-tolerance/self-soothe.qmd,Distracting with Wise Mind ACCEPTS,searchable-dbt-book,direct_pdf_text,true,false,high,false,Embedded searchable PDF text normalized and structured in QMD; repeated publication footer omitted. Visual structure still requires review unless integrated into an authored section. Native wording is integrated into existing stable lesson anchors.
distress-tolerance-p019,site/learn/distress-tolerance/self-soothe.qmd,Wise Mind ACCEPTS Overview,section-scan,windows_ocr,false,true,low,true,Printed text OCR was normalized and structured from the page image; visual comparison is required before final acceptance.
distress-tolerance-p020,site/learn/distress-tolerance/self-soothe.qmd,Self-Soothing,searchable-dbt-book,direct_pdf_text,true,false,high,false,Embedded searchable PDF text normalized and structured in QMD; repeated publication footer omitted. Visual structure still requires review unless integrated into an authored section. Native wording is integrated into existing stable lesson anchors.
distress-tolerance-p021,site/learn/distress-tolerance/self-soothe.qmd,Self-Soothing Practice,php-high-res,windows_ocr,false,true,medium,true,Printed text OCR was normalized and structured from the page image; visual comparison is required before final acceptance.
distress-tolerance-p022,site/learn/distress-tolerance/self-soothe.qmd,Distracting with Wise Mind ACCEPTS,searchable-dbt-book,direct_pdf_text,false,false,medium,true,Embedded searchable PDF text normalized and structured in QMD; repeated publication footer omitted. Visual structure still requires review unless integrated into an authored section.
distress-tolerance-p023,site/learn/distress-tolerance/self-soothe.qmd,Creating a Self-Soothing Kit,section-scan,windows_ocr,false,true,medium,true,Printed text OCR was normalized and structured from the page image; visual comparison is required before final acceptance.
distress-tolerance-p025,site/learn/distress-tolerance/improve.qmd,Improving the Moment,searchable-dbt-book,direct_pdf_text,true,false,high,false,Embedded searchable PDF text normalized and structured in QMD; repeated publication footer omitted. Visual structure still requires review unless integrated into an authored section. Native wording is integrated into existing stable lesson anchors.
distress-tolerance-p026,site/learn/distress-tolerance/improve.qmd,One Thing in the Moment,section-scan,windows_ocr,false,true,low,true,Printed text OCR was normalized and structured from the page image; visual comparison is required before final acceptance.
distress-tolerance-p027,site/learn/distress-tolerance/improve.qmd,Peaceful Place Meditation,section-scan,windows_ocr,false,true,medium,true,Printed text OCR was normalized and structured from the page image; visual comparison is required before final acceptance.
distress-tolerance-p028,site/learn/distress-tolerance/improve.qmd,IMPROVE Practice,section-scan,windows_ocr,false,true,medium,true,Printed text OCR was normalized and structured from the page image; visual comparison is required before final acceptance.
distress-tolerance-p030,site/learn/distress-tolerance/pros-and-cons.qmd,Pros and Cons,searchable-dbt-book,direct_pdf_text,false,false,medium,true,Embedded searchable PDF text normalized and structured in QMD; repeated publication footer omitted. Visual structure still requires review unless integrated into an authored section.
distress-tolerance-p031,site/learn/distress-tolerance/pros-and-cons.qmd,Pros and Cons: How To,php-high-res,windows_ocr,false,true,medium,true,Printed text OCR was normalized and structured from the page image; visual comparison is required before final acceptance.
distress-tolerance-p032,site/learn/distress-tolerance/pros-and-cons.qmd,Pros and Cons of Acting on Crisis Urges,searchable-dbt-book,direct_pdf_text,false,false,medium,true,Embedded searchable PDF text normalized and structured in QMD; repeated publication footer omitted. Visual structure still requires review unless integrated into an authored section.
distress-tolerance-p033,site/learn/distress-tolerance/pros-and-cons.qmd,Pros and Cons Practice,section-scan,windows_ocr,false,true,medium,true,Printed text OCR was normalized and structured from the page image; visual comparison is required before final acceptance.
distress-tolerance-p035,site/learn/distress-tolerance/radical-acceptance.qmd,Dandelions,section-scan,windows_ocr,false,true,medium,true,Printed text OCR was normalized and structured from the page image; visual comparison is required before final acceptance.
distress-tolerance-p036,site/learn/distress-tolerance/radical-acceptance.qmd,Developing the Skill of Radical Acceptance,section-scan,windows_ocr,false,true,medium,true,Printed text OCR was normalized and structured from the page image; visual comparison is required before final acceptance.
distress-tolerance-p037,site/learn/distress-tolerance/radical-acceptance.qmd,Radical Acceptance,searchable-dbt-book,direct_pdf_text,false,false,medium,true,Embedded searchable PDF text normalized and structured in QMD; repeated publication footer omitted. Visual structure still requires review unless integrated into an authored section.
distress-tolerance-p038,site/learn/distress-tolerance/radical-acceptance.qmd,Radical Acceptance: Factors That Interfere,searchable-dbt-book,direct_pdf_text,false,false,medium,true,Embedded searchable PDF text normalized and structured in QMD; repeated publication footer omitted. Visual structure still requires review unless integrated into an authored section.
distress-tolerance-p039,site/learn/distress-tolerance/radical-acceptance.qmd,Radical Acceptance Quick Reference,section-scan,windows_ocr,false,true,medium,true,Printed text OCR was normalized and structured from the page image; visual comparison is required before final acceptance.
distress-tolerance-p040,site/learn/distress-tolerance/radical-acceptance.qmd,Practicing Radical Acceptance Step by Step,searchable-dbt-book,direct_pdf_text,false,false,medium,true,Embedded searchable PDF text normalized and structured in QMD; repeated publication footer omitted. Visual structure still requires review unless integrated into an authored section.
distress-tolerance-p041,site/learn/distress-tolerance/radical-acceptance.qmd,Half-Smiling and Willing Hands,searchable-dbt-book,direct_pdf_text,true,false,high,false,Embedded searchable PDF text normalized and structured in QMD; repeated publication footer omitted. Visual structure still requires review unless integrated into an authored section. Native wording is integrated into existing stable lesson anchors.
distress-tolerance-p043,site/learn/distress-tolerance/radical-acceptance.qmd,How to Solve a Problem,section-scan,windows_ocr,false,true,medium,true,Printed text OCR was normalized and structured from the page image; visual comparison is required before final acceptance.
distress-tolerance-p044,site/learn/distress-tolerance/radical-acceptance.qmd,Three Parts of Radical Acceptance,section-scan,windows_ocr,false,true,medium,true,Printed text OCR was normalized and structured from the page image; visual comparison is required before final acceptance.
distress-tolerance-p046,site/learn/distress-tolerance/radical-acceptance.qmd,Radical Acceptance Practice,searchable-dbt-book,direct_pdf_text,false,false,medium,true,Embedded searchable PDF text normalized and structured in QMD; repeated publication footer omitted. Visual structure still requires review unless integrated into an authored section.
distress-tolerance-p047,site/learn/distress-tolerance/radical-acceptance.qmd,"Practicing Half-Smiling and Willing Hands, Part 1",searchable-dbt-book,direct_pdf_text,false,false,medium,true,Embedded searchable PDF text normalized and structured in QMD; repeated publication footer omitted. Visual structure still requires review unless integrated into an authored section.
distress-tolerance-p048,site/learn/distress-tolerance/radical-acceptance.qmd,"Practicing Half-Smiling and Willing Hands, Part 2",searchable-dbt-book,direct_pdf_text,false,false,medium,true,Embedded searchable PDF text normalized and structured in QMD; repeated publication footer omitted. Visual structure still requires review unless integrated into an authored section.
emotion-regulation-p003,site/learn/emotion-regulation/what-emotions-do.qmd,Basic Functions of Emotions,php-high-res,windows_ocr,false,true,medium,true,Printed text OCR was normalized and structured from the page image; visual comparison is required before final acceptance.
emotion-regulation-p004,site/learn/emotion-regulation/what-emotions-do.qmd,Goals of Emotion Regulation,searchable-dbt-book,direct_pdf_text,false,false,medium,true,Embedded searchable PDF text normalized and structured in QMD; repeated publication footer omitted. Visual structure still requires review unless integrated into an authored section.
emotion-regulation-p005,site/learn/emotion-regulation/what-emotions-do.qmd,What Emotions Do for You,searchable-dbt-book,direct_pdf_text,false,false,medium,true,Embedded searchable PDF text normalized and structured in QMD; repeated publication footer omitted. Visual structure still requires review unless integrated into an authored section.
emotion-regulation-p006,site/learn/emotion-regulation/what-emotions-do.qmd,What Makes It Hard to Regulate Your Emotions,searchable-dbt-book,direct_pdf_text,false,false,medium,true,Embedded searchable PDF text normalized and structured in QMD; repeated publication footer omitted. Visual structure still requires review unless integrated into an authored section.
emotion-regulation-p007,site/learn/emotion-regulation/what-emotions-do.qmd,Myths About Emotions,searchable-dbt-book,direct_pdf_text,false,false,medium,true,Embedded searchable PDF text normalized and structured in QMD; repeated publication footer omitted. Visual structure still requires review unless integrated into an authored section.
emotion-regulation-p008,site/learn/emotion-regulation/what-emotions-do.qmd,Emotion Diary Example,searchable-dbt-book,direct_pdf_text,false,false,medium,true,Embedded searchable PDF text normalized and structured in QMD; repeated publication footer omitted. Visual structure still requires review unless integrated into an authored section.
emotion-regulation-p009,site/learn/emotion-regulation/what-emotions-do.qmd,Emotion Diary,searchable-dbt-book,direct_pdf_text,false,false,medium,true,Embedded searchable PDF text normalized and structured in QMD; repeated publication footer omitted. Visual structure still requires review unless integrated into an authored section.
emotion-regulation-p011,site/learn/emotion-regulation/observing-describing-emotions.qmd,Learning About Emotions,php-high-res,windows_ocr,false,true,medium,true,Printed text OCR was normalized and structured from the page image; visual comparison is required before final acceptance.
emotion-regulation-p012,site/learn/emotion-regulation/observing-describing-emotions.qmd,Model for Describing Emotions,searchable-dbt-book,direct_pdf_text,false,false,medium,true,Embedded searchable PDF text normalized and structured in QMD; repeated publication footer omitted. Visual structure still requires review unless integrated into an authored section.
emotion-regulation-p014,site/learn/emotion-regulation/observing-describing-emotions.qmd,Ways to Describe Emotions: Anger,searchable-dbt-book,direct_pdf_text,true,false,high,false,Embedded searchable PDF text normalized and structured in QMD; repeated publication footer omitted. Visual structure still requires review unless integrated into an authored section. Native wording is integrated into existing stable lesson anchors.
emotion-regulation-p015,site/learn/emotion-regulation/observing-describing-emotions.qmd,Ways to Describe Emotions: Disgust,searchable-dbt-book,direct_pdf_text,true,false,high,false,Embedded searchable PDF text normalized and structured in QMD; repeated publication footer omitted. Visual structure still requires review unless integrated into an authored section. Native wording is integrated into existing stable lesson anchors.
emotion-regulation-p016,site/learn/emotion-regulation/observing-describing-emotions.qmd,Ways to Describe Emotions: Envy,searchable-dbt-book,direct_pdf_text,true,false,high,false,Embedded searchable PDF text normalized and structured in QMD; repeated publication footer omitted. Visual structure still requires review unless integrated into an authored section. Native wording is integrated into existing stable lesson anchors.
emotion-regulation-p017,site/learn/emotion-regulation/observing-describing-emotions.qmd,Ways to Describe Emotions: Fear,searchable-dbt-book,direct_pdf_text,true,false,high,false,Embedded searchable PDF text normalized and structured in QMD; repeated publication footer omitted. Visual structure still requires review unless integrated into an authored section. Native wording is integrated into existing stable lesson anchors.
emotion-regulation-p018,site/learn/emotion-regulation/observing-describing-emotions.qmd,Ways to Describe Emotions: Happiness,searchable-dbt-book,direct_pdf_text,true,false,high,false,Embedded searchable PDF text normalized and structured in QMD; repeated publication footer omitted. Visual structure still requires review unless integrated into an authored section. Native wording is integrated into existing stable lesson anchors.
emotion-regulation-p019,site/learn/emotion-regulation/observing-describing-emotions.qmd,Ways to Describe Emotions: Jealousy,searchable-dbt-book,direct_pdf_text,true,false,high,false,Embedded searchable PDF text normalized and structured in QMD; repeated publication footer omitted. Visual structure still requires review unless integrated into an authored section. Native wording is integrated into existing stable lesson anchors.
emotion-regulation-p020,site/learn/emotion-regulation/observing-describing-emotions.qmd,Ways to Describe Emotions: Love,searchable-dbt-book,direct_pdf_text,true,false,high,false,Embedded searchable PDF text normalized and structured in QMD; repeated publication footer omitted. Visual structure still requires review unless integrated into an authored section. Native wording is integrated into existing stable lesson anchors.
emotion-regulation-p021,site/learn/emotion-regulation/observing-describing-emotions.qmd,Ways to Describe Emotions: Sadness,searchable-dbt-book,direct_pdf_text,true,false,high,false,Embedded searchable PDF text normalized and structured in QMD; repeated publication footer omitted. Visual structure still requires review unless integrated into an authored section. Native wording is integrated into existing stable lesson anchors.
emotion-regulation-p022,site/learn/emotion-regulation/observing-describing-emotions.qmd,Ways to Describe Emotions: Shame,searchable-dbt-book,direct_pdf_text,true,false,high,false,Embedded searchable PDF text normalized and structured in QMD; repeated publication footer omitted. Visual structure still requires review unless integrated into an authored section. Native wording is integrated into existing stable lesson anchors.
emotion-regulation-p023,site/learn/emotion-regulation/observing-describing-emotions.qmd,Ways to Describe Emotions: Guilt,searchable-dbt-book,direct_pdf_text,true,false,high,false,Embedded searchable PDF text normalized and structured in QMD; repeated publication footer omitted. Visual structure still requires review unless integrated into an authored section. Native wording is integrated into existing stable lesson anchors.
emotion-regulation-p024,site/learn/emotion-regulation/observing-describing-emotions.qmd,Understanding and Naming Your Emotions,php-high-res,windows_ocr,false,true,medium,true,Printed text OCR was normalized and structured from the page image; visual comparison is required before final acceptance.
emotion-regulation-p025,site/learn/emotion-regulation/observing-describing-emotions.qmd,Observing and Describing Emotions,searchable-dbt-book,direct_pdf_text,false,false,medium,true,Embedded searchable PDF text normalized and structured in QMD; repeated publication footer omitted. Visual structure still requires review unless integrated into an authored section.
emotion-regulation-p026,site/learn/emotion-regulation/observing-describing-emotions.qmd,The Tangled Ball of Emotions,section-scan,windows_ocr,false,true,medium,true,Printed text OCR was normalized and structured from the page image; visual comparison is required before final acceptance.
emotion-regulation-p027,site/learn/emotion-regulation/observing-describing-emotions.qmd,Where Do I Feel Emotions?,section-scan,windows_ocr,false,true,medium,true,Printed text OCR was normalized and structured from the page image; visual comparison is required before final acceptance.
emotion-regulation-p029,site/learn/emotion-regulation/check-the-facts.qmd,Fact or Opinion?,section-scan,windows_ocr,false,true,medium,true,Printed text OCR was normalized and structured from the page image; visual comparison is required before final acceptance.
emotion-regulation-p030,site/learn/emotion-regulation/check-the-facts.qmd,"Fact, Opinion, Belief, and Prejudice",section-scan,windows_ocr,false,true,medium,true,Printed text OCR was normalized and structured from the page image; visual comparison is required before final acceptance.
emotion-regulation-p031,site/learn/emotion-regulation/check-the-facts.qmd,Changing Emotional Responses,searchable-dbt-book,direct_pdf_text,true,false,high,false,Embedded searchable PDF text normalized and structured in QMD; repeated publication footer omitted. Visual structure still requires review unless integrated into an authored section. Native wording is integrated into existing stable lesson anchors.
emotion-regulation-p032,site/learn/emotion-regulation/check-the-facts.qmd,Check the Facts,searchable-dbt-book,direct_pdf_text,false,false,medium,true,Embedded searchable PDF text normalized and structured in QMD; repeated publication footer omitted. Visual structure still requires review unless integrated into an authored section.
emotion-regulation-p033,site/learn/emotion-regulation/check-the-facts.qmd,Examples of Emotions That Fit the Facts,searchable-dbt-book,direct_pdf_text,false,false,medium,true,Embedded searchable PDF text normalized and structured in QMD; repeated publication footer omitted. Visual structure still requires review unless integrated into an authored section.
emotion-regulation-p034,site/learn/emotion-regulation/check-the-facts.qmd,Check the Facts Practice,php-high-res,windows_ocr,false,true,medium,true,Printed text OCR was normalized and structured from the page image; visual comparison is required before final acceptance.
emotion-regulation-p036,site/learn/emotion-regulation/opposite-action.qmd,Choosing Problem Solving or Opposite Action,php-high-res,windows_ocr,false,true,medium,true,Printed text OCR was normalized and structured from the page image; visual comparison is required before final acceptance.
emotion-regulation-p037,site/learn/emotion-regulation/opposite-action.qmd,Opposite Action and Problem Solving,searchable-dbt-book,direct_pdf_text,true,false,high,false,Embedded searchable PDF text normalized and structured in QMD; repeated publication footer omitted. Visual structure still requires review unless integrated into an authored section. Native wording is integrated into existing stable lesson anchors.
emotion-regulation-p038,site/learn/emotion-regulation/opposite-action.qmd,Opposite Action,searchable-dbt-book,direct_pdf_text,false,false,medium,true,Embedded searchable PDF text normalized and structured in QMD; repeated publication footer omitted. Visual structure still requires review unless integrated into an authored section.
emotion-regulation-p039,site/learn/emotion-regulation/opposite-action.qmd,Problem Solving,searchable-dbt-book,direct_pdf_text,false,false,medium,true,Embedded searchable PDF text normalized and structured in QMD; repeated publication footer omitted. Visual structure still requires review unless integrated into an authored section.
emotion-regulation-p040,site/learn/emotion-regulation/opposite-action.qmd,"Reviewing Opposite Action and Problem Solving, Part 1",searchable-dbt-book,direct_pdf_text,false,false,medium,true,Embedded searchable PDF text normalized and structured in QMD; repeated publication footer omitted. Visual structure still requires review unless integrated into an authored section.
emotion-regulation-p041,site/learn/emotion-regulation/opposite-action.qmd,"Reviewing Opposite Action and Problem Solving, Part 2",searchable-dbt-book,direct_pdf_text,false,false,medium,true,Embedded searchable PDF text normalized and structured in QMD; repeated publication footer omitted. Visual structure still requires review unless integrated into an authored section.
emotion-regulation-p042,site/learn/emotion-regulation/opposite-action.qmd,"Reviewing Opposite Action and Problem Solving, Part 3",searchable-dbt-book,direct_pdf_text,false,false,medium,true,Embedded searchable PDF text normalized and structured in QMD; repeated publication footer omitted. Visual structure still requires review unless integrated into an authored section.
emotion-regulation-p043,site/learn/emotion-regulation/opposite-action.qmd,Opposite Action Elevator Example,section-scan,windows_ocr,false,true,medium,true,Printed text OCR was normalized and structured from the page image; visual comparison is required before final acceptance.
emotion-regulation-p044,site/learn/emotion-regulation/opposite-action.qmd,Opposite Action for Fear,searchable-dbt-book,direct_pdf_text,true,false,high,false,Embedded searchable PDF text normalized and structured in QMD; repeated publication footer omitted. Visual structure still requires review unless integrated into an authored section. Native wording is integrated into existing stable lesson anchors.
emotion-regulation-p045,site/learn/emotion-regulation/opposite-action.qmd,Opposite Action for Anger,searchable-dbt-book,direct_pdf_text,true,false,high,false,Embedded searchable PDF text normalized and structured in QMD; repeated publication footer omitted. Visual structure still requires review unless integrated into an authored section. Native wording is integrated into existing stable lesson anchors.
emotion-regulation-p046,site/learn/emotion-regulation/opposite-action.qmd,Opposite Action for Disgust,searchable-dbt-book,direct_pdf_text,true,false,high,false,Embedded searchable PDF text normalized and structured in QMD; repeated publication footer omitted. Visual structure still requires review unless integrated into an authored section. Native wording is integrated into existing stable lesson anchors.
emotion-regulation-p047,site/learn/emotion-regulation/opposite-action.qmd,Opposite Action for Envy,searchable-dbt-book,direct_pdf_text,true,false,high,false,Embedded searchable PDF text normalized and structured in QMD; repeated publication footer omitted. Visual structure still requires review unless integrated into an authored section. Native wording is integrated into existing stable lesson anchors.
emotion-regulation-p048,site/learn/emotion-regulation/opposite-action.qmd,Opposite Action for Jealousy,searchable-dbt-book,direct_pdf_text,true,false,high,false,Embedded searchable PDF text normalized and structured in QMD; repeated publication footer omitted. Visual structure still requires review unless integrated into an authored section. Native wording is integrated into existing stable lesson anchors.
emotion-regulation-p049,site/learn/emotion-regulation/opposite-action.qmd,Opposite Action for Love,searchable-dbt-book,direct_pdf_text,true,false,high,false,Embedded searchable PDF text normalized and structured in QMD; repeated publication footer omitted. Visual structure still requires review unless integrated into an authored section. Native wording is integrated into existing stable lesson anchors.
emotion-regulation-p050,site/learn/emotion-regulation/opposite-action.qmd,Opposite Action for Sadness,searchable-dbt-book,direct_pdf_text,true,false,high,false,Embedded searchable PDF text normalized and structured in QMD; repeated publication footer omitted. Visual structure still requires review unless integrated into an authored section. Native wording is integrated into existing stable lesson anchors.
emotion-regulation-p051,site/learn/emotion-regulation/opposite-action.qmd,Opposite Action for Shame,searchable-dbt-book,direct_pdf_text,true,false,high,false,Embedded searchable PDF text normalized and structured in QMD; repeated publication footer omitted. Visual structure still requires review unless integrated into an authored section. Native wording is integrated into existing stable lesson anchors.
emotion-regulation-p052,site/learn/emotion-regulation/opposite-action.qmd,Opposite Action for Guilt,searchable-dbt-book,direct_pdf_text,true,false,high,false,Embedded searchable PDF text normalized and structured in QMD; repeated publication footer omitted. Visual structure still requires review unless integrated into an authored section. Native wording is integrated into existing stable lesson anchors.
emotion-regulation-p053,site/learn/emotion-regulation/opposite-action.qmd,Opposite Action to Change Emotions,searchable-dbt-book,direct_pdf_text,false,false,medium,true,Embedded searchable PDF text normalized and structured in QMD; repeated publication footer omitted. Visual structure still requires review unless integrated into an authored section.
emotion-regulation-p054,site/learn/emotion-regulation/opposite-action.qmd,"Problem Solving Worksheet, Part 1",searchable-dbt-book,direct_pdf_text,false,false,medium,true,Embedded searchable PDF text normalized and structured in QMD; repeated publication footer omitted. Visual structure still requires review unless integrated into an authored section.
emotion-regulation-p055,site/learn/emotion-regulation/opposite-action.qmd,"Problem Solving Worksheet, Part 2",searchable-dbt-book,direct_pdf_text,false,false,medium,true,Embedded searchable PDF text normalized and structured in QMD; repeated publication footer omitted. Visual structure still requires review unless integrated into an authored section.
emotion-regulation-p057,site/learn/emotion-regulation/abc-please.qmd,ABC PLEASE Overview,searchable-dbt-book,direct_pdf_text,true,false,high,false,Embedded searchable PDF text normalized and structured in QMD; repeated publication footer omitted. Visual structure still requires review unless integrated into an authored section. Native wording is integrated into existing stable lesson anchors.
emotion-regulation-p058,site/learn/emotion-regulation/abc-please.qmd,Accumulating Positive Emotions: Short Term,searchable-dbt-book,direct_pdf_text,false,false,medium,true,Embedded searchable PDF text normalized and structured in QMD; repeated publication footer omitted. Visual structure still requires review unless integrated into an authored section.
emotion-regulation-p059,site/learn/emotion-regulation/abc-please.qmd,"Pleasant Events List, Part 1",searchable-dbt-book,direct_pdf_text,false,false,medium,true,Embedded searchable PDF text normalized and structured in QMD; repeated publication footer omitted. Visual structure still requires review unless integrated into an authored section.
emotion-regulation-p060,site/learn/emotion-regulation/abc-please.qmd,"Pleasant Events List, Part 2",searchable-dbt-book,direct_pdf_text,false,false,medium,true,Embedded searchable PDF text normalized and structured in QMD; repeated publication footer omitted. Visual structure still requires review unless integrated into an authored section.
emotion-regulation-p061,site/learn/emotion-regulation/abc-please.qmd,"Pleasant Events List, Part 3",searchable-dbt-book,direct_pdf_text,false,false,medium,true,Embedded searchable PDF text normalized and structured in QMD; repeated publication footer omitted. Visual structure still requires review unless integrated into an authored section.
emotion-regulation-p062,site/learn/emotion-regulation/abc-please.qmd,Accumulating Positive Emotions: Long Term,searchable-dbt-book,direct_pdf_text,false,false,medium,true,Embedded searchable PDF text normalized and structured in QMD; repeated publication footer omitted. Visual structure still requires review unless integrated into an authored section.
emotion-regulation-p063,site/learn/emotion-regulation/abc-please.qmd,"Values and Priorities List, Part 1",searchable-dbt-book,direct_pdf_text,false,false,medium,true,Embedded searchable PDF text normalized and structured in QMD; repeated publication footer omitted. Visual structure still requires review unless integrated into an authored section.
emotion-regulation-p064,site/learn/emotion-regulation/abc-please.qmd,"Values and Priorities List, Part 2",searchable-dbt-book,direct_pdf_text,false,false,medium,true,Embedded searchable PDF text normalized and structured in QMD; repeated publication footer omitted. Visual structure still requires review unless integrated into an authored section.
emotion-regulation-p065,site/learn/emotion-regulation/abc-please.qmd,"Values and Priorities List, Part 3",searchable-dbt-book,direct_pdf_text,false,false,medium,true,Embedded searchable PDF text normalized and structured in QMD; repeated publication footer omitted. Visual structure still requires review unless integrated into an authored section.
emotion-regulation-p066,site/learn/emotion-regulation/abc-please.qmd,Building Positive Experiences Now,section-scan,windows_ocr,false,true,medium,true,Printed text OCR was normalized and structured from the page image; visual comparison is required before final acceptance.
emotion-regulation-p067,site/learn/emotion-regulation/abc-please.qmd,Daily Pleasant Moments Record,section-scan,windows_ocr,false,true,medium,true,Printed text OCR was normalized and structured from the page image; visual comparison is required before final acceptance.
emotion-regulation-p068,site/learn/emotion-regulation/abc-please.qmd,"Accumulating Positive Emotions: Long Term Worksheet, Part 1",php-high-res,windows_ocr,false,true,medium,true,Printed text OCR was normalized and structured from the page image; visual comparison is required before final acceptance.
emotion-regulation-p069,site/learn/emotion-regulation/abc-please.qmd,"Accumulating Positive Emotions: Long Term Worksheet, Part 2",php-high-res,windows_ocr,false,true,medium,true,Printed text OCR was normalized and structured from the page image; visual comparison is required before final acceptance.
emotion-regulation-p071,site/learn/emotion-regulation/positive-emotions-mastery-cope-ahead.qmd,Building Mastery,php-high-res,windows_ocr,false,true,medium,true,Printed text OCR was normalized and structured from the page image; visual comparison is required before final acceptance.
emotion-regulation-p072,site/learn/emotion-regulation/positive-emotions-mastery-cope-ahead.qmd,Changing Emotional Responses with Cope Ahead,section-scan,windows_ocr,false,true,medium,true,Printed text OCR was normalized and structured from the page image; visual comparison is required before final acceptance.
emotion-regulation-p073,site/learn/emotion-regulation/positive-emotions-mastery-cope-ahead.qmd,How to Cope Ahead,section-scan,windows_ocr,false,true,medium,true,Printed text OCR was normalized and structured from the page image; visual comparison is required before final acceptance.
emotion-regulation-p074,site/learn/emotion-regulation/positive-emotions-mastery-cope-ahead.qmd,Mind Mapping and Mastery,section-scan,windows_ocr,false,true,medium,true,Printed text OCR was normalized and structured from the page image; visual comparison is required before final acceptance.
emotion-regulation-p075,site/learn/emotion-regulation/positive-emotions-mastery-cope-ahead.qmd,Mastery Mind Map,section-scan,windows_ocr,false,true,low,true,Printed text OCR was normalized and structured from the page image; visual comparison is required before final acceptance.
emotion-regulation-p076,site/learn/emotion-regulation/positive-emotions-mastery-cope-ahead.qmd,Cope Ahead Worksheet,section-scan,windows_ocr,false,true,medium,true,Printed text OCR was normalized and structured from the page image; visual comparison is required before final acceptance.
emotion-regulation-p077,site/learn/emotion-regulation/positive-emotions-mastery-cope-ahead.qmd,"Cope Ahead for the Holidays, Part 1",section-scan,windows_ocr,false,true,medium,true,Printed text OCR was normalized and structured from the page image; visual comparison is required before final acceptance.
emotion-regulation-p078,site/learn/emotion-regulation/positive-emotions-mastery-cope-ahead.qmd,"Cope Ahead for the Holidays, Part 2",section-scan,windows_ocr,false,true,medium,true,Printed text OCR was normalized and structured from the page image; visual comparison is required before final acceptance.
general-p002,site/learn/goal-setting/goal-setting-guidelines.qmd,Skills & Strengths List,php-high-res,windows_ocr,false,true,medium,true,Printed text OCR was normalized and structured from the page image; visual comparison is required before final acceptance.
general-p003,site/tool-finder/index.qmd,Skills Overview,section-scan,windows_ocr,false,true,medium,true,Printed text OCR was normalized and structured from the page image; visual comparison is required before final acceptance.
general-p004,site/tool-finder/index.qmd,Emotional Overload & Emotional Numbness Skills Guide,section-scan,windows_ocr,false,true,medium,true,Printed text OCR was normalized and structured from the page image; visual comparison is required before final acceptance.
general-p005,site/tool-finder/index.qmd,Skills Use Guideline,php-high-res,windows_ocr,false,true,medium,true,Printed text OCR was normalized and structured from the page image; visual comparison is required before final acceptance.
general-p006,site/tool-finder/index.qmd,Dialectics: Acceptance and Change,section-scan,windows_ocr,false,true,medium,true,Printed text OCR was normalized and structured from the page image; visual comparison is required before final acceptance.
goal-setting-p002,site/learn/goal-setting/goal-setting-guidelines.qmd,Case Map,section-scan,windows_ocr,true,true,high,false,Printed text OCR was normalized and structured from the page image; visual comparison is required before final acceptance. Native wording is integrated into existing stable lesson anchors.
goal-setting-p003,site/learn/goal-setting/goal-setting-guidelines.qmd,Goal Setting Guidelines,php-high-res,windows_ocr,true,true,high,false,Printed text OCR was normalized and structured from the page image; visual comparison is required before final acceptance. Native wording is integrated into existing stable lesson anchors.
goal-setting-p004,site/learn/goal-setting/goal-setting-guidelines.qmd,SMART Goal Setting,section-scan,windows_ocr,true,true,high,false,Printed text OCR was normalized and structured from the page image; visual comparison is required before final acceptance. Native wording is integrated into existing stable lesson anchors.
goal-setting-p005,site/learn/goal-setting/weekly-goals-home-practice.qmd,Daily Goal Worksheet: Monday to Wednesday,php-high-res,windows_ocr,true,true,high,false,Printed text OCR was normalized and structured from the page image; visual comparison is required before final acceptance. Native wording is integrated into existing stable lesson anchors.
goal-setting-p006,site/learn/goal-setting/weekly-goals-home-practice.qmd,Daily Goal Worksheet: Thursday to Sunday,php-high-res,windows_ocr,true,true,high,false,Printed text OCR was normalized and structured from the page image; visual comparison is required before final acceptance. Native wording is integrated into existing stable lesson anchors.
goal-setting-p007,site/learn/goal-setting/daily-tracking.qmd,Weekly Home Practice Tracker,php-high-res,windows_ocr,true,true,high,false,Printed text OCR was normalized and structured from the page image; visual comparison is required before final acceptance. Native wording is integrated into existing stable lesson anchors.
goal-setting-p008,site/learn/goal-setting/daily-tracking.qmd,Weekly Food Diary,section-scan,windows_ocr,true,true,high,false,Printed text OCR was normalized and structured from the page image; visual comparison is required before final acceptance. Native wording is integrated into existing stable lesson anchors.
goal-setting-p010,site/learn/goal-setting/daily-tracking.qmd,Monthly Habit Tracker,section-scan,windows_ocr,true,true,high,false,Printed text OCR was normalized and structured from the page image; visual comparison is required before final acceptance. Native wording is integrated into existing stable lesson anchors.
goal-setting-p033,site/learn/goal-setting/daily-tracking.qmd,Daily Mood Tracker,section-scan,windows_ocr,true,true,high,false,Printed text OCR was normalized and structured from the page image; visual comparison is required before final acceptance. Native wording is integrated into existing stable lesson anchors.
goal-setting-p034,site/learn/goal-setting/daily-tracking.qmd,Skills and Wellness Diary Card,section-scan,windows_ocr,true,true,high,false,Printed text OCR was normalized and structured from the page image; visual comparison is required before final acceptance. Native wording is integrated into existing stable lesson anchors.
interpersonal-effectiveness-p003,site/learn/interpersonal-effectiveness/boundaries.qmd,Understanding Boundaries,php-high-res,windows_ocr,true,true,high,false,Printed text OCR was normalized and structured from the page image; visual comparison is required before final acceptance. Native wording is integrated into existing stable lesson anchors.
interpersonal-effectiveness-p004,site/learn/interpersonal-effectiveness/boundaries.qmd,Identifying Your Boundaries,php-high-res,windows_ocr,false,true,medium,true,Printed text OCR was normalized and structured from the page image; visual comparison is required before final acceptance.
interpersonal-effectiveness-p005,site/learn/interpersonal-effectiveness/boundaries.qmd,Characteristics of Healthy Relationships,section-scan,windows_ocr,false,true,medium,true,Printed text OCR was normalized and structured from the page image; visual comparison is required before final acceptance.
interpersonal-effectiveness-p006,site/learn/interpersonal-effectiveness/boundaries.qmd,Identifying My Personal Boundaries,section-scan,windows_ocr,false,true,medium,true,Printed text OCR was normalized and structured from the page image; visual comparison is required before final acceptance.
interpersonal-effectiveness-p007,site/learn/interpersonal-effectiveness/boundaries.qmd,Understanding My Boundaries,section-scan,windows_ocr,false,true,medium,true,Printed text OCR was normalized and structured from the page image; visual comparison is required before final acceptance.
interpersonal-effectiveness-p009,site/learn/interpersonal-effectiveness/clarifying-priorities.qmd,Factors in the Way of Interpersonal Effectiveness,searchable-dbt-book,direct_pdf_text,false,false,medium,true,Embedded searchable PDF text normalized and structured in QMD; repeated publication footer omitted. Visual structure still requires review unless integrated into an authored section.
interpersonal-effectiveness-p010,site/learn/interpersonal-effectiveness/clarifying-priorities.qmd,Myths in the Way of Interpersonal Effectiveness,searchable-dbt-book,direct_pdf_text,false,false,medium,true,Embedded searchable PDF text normalized and structured in QMD; repeated publication footer omitted. Visual structure still requires review unless integrated into an authored section.
interpersonal-effectiveness-p011,site/learn/interpersonal-effectiveness/clarifying-priorities.qmd,Challenging Myths: Objectives Effectiveness,searchable-dbt-book,direct_pdf_text,false,false,medium,true,Embedded searchable PDF text normalized and structured in QMD; repeated publication footer omitted. Visual structure still requires review unless integrated into an authored section.
interpersonal-effectiveness-p012,site/learn/interpersonal-effectiveness/clarifying-priorities.qmd,Challenging Myths: Relationship and Self-Respect,searchable-dbt-book,direct_pdf_text,false,false,medium,true,Embedded searchable PDF text normalized and structured in QMD; repeated publication footer omitted. Visual structure still requires review unless integrated into an authored section.
interpersonal-effectiveness-p013,site/learn/interpersonal-effectiveness/clarifying-priorities.qmd,Obtaining Objectives Skillfully,searchable-dbt-book,direct_pdf_text,false,false,medium,true,Embedded searchable PDF text normalized and structured in QMD; repeated publication footer omitted. Visual structure still requires review unless integrated into an authored section.
interpersonal-effectiveness-p014,site/learn/interpersonal-effectiveness/clarifying-priorities.qmd,Clarifying Goals in Interpersonal Situations,searchable-dbt-book,direct_pdf_text,true,false,high,false,Embedded searchable PDF text normalized and structured in QMD; repeated publication footer omitted. Visual structure still requires review unless integrated into an authored section. Native wording is integrated into existing stable lesson anchors.
interpersonal-effectiveness-p015,site/learn/interpersonal-effectiveness/clarifying-priorities.qmd,Clarifying Priorities in Interpersonal Situations,searchable-dbt-book,direct_pdf_text,true,false,high,false,Embedded searchable PDF text normalized and structured in QMD; repeated publication footer omitted. Visual structure still requires review unless integrated into an authored section. Native wording is integrated into existing stable lesson anchors.
interpersonal-effectiveness-p017,site/learn/interpersonal-effectiveness/dear-man.qmd,"Guidelines for Objectives Effectiveness: DEAR MAN, Part 1",searchable-dbt-book,direct_pdf_text,true,false,high,false,Embedded searchable PDF text normalized and structured in QMD; repeated publication footer omitted. Visual structure still requires review unless integrated into an authored section. Native wording is integrated into existing stable lesson anchors.
interpersonal-effectiveness-p018,site/learn/interpersonal-effectiveness/dear-man.qmd,"Guidelines for Objectives Effectiveness: DEAR MAN, Part 2",searchable-dbt-book,direct_pdf_text,true,false,high,false,Embedded searchable PDF text normalized and structured in QMD; repeated publication footer omitted. Visual structure still requires review unless integrated into an authored section. Native wording is integrated into existing stable lesson anchors.
interpersonal-effectiveness-p019,site/learn/interpersonal-effectiveness/dear-man.qmd,Applying DEAR MAN Skills to a Difficult Interaction,searchable-dbt-book,direct_pdf_text,false,false,medium,true,Embedded searchable PDF text normalized and structured in QMD; repeated publication footer omitted. Visual structure still requires review unless integrated into an authored section.
interpersonal-effectiveness-p020,site/learn/interpersonal-effectiveness/dear-man.qmd,DEAR MAN Script,section-scan,windows_ocr,false,true,medium,true,Printed text OCR was normalized and structured from the page image; visual comparison is required before final acceptance.
interpersonal-effectiveness-p022,site/learn/interpersonal-effectiveness/give.qmd,Finding and Maintaining Relationships,section-scan,windows_ocr,false,true,medium,true,Printed text OCR was normalized and structured from the page image; visual comparison is required before final acceptance.
interpersonal-effectiveness-p023,site/learn/interpersonal-effectiveness/give.qmd,Guidelines for Relationship Effectiveness: GIVE,searchable-dbt-book,direct_pdf_text,true,false,high,false,Embedded searchable PDF text normalized and structured in QMD; repeated publication footer omitted. Visual structure still requires review unless integrated into an authored section. Native wording is integrated into existing stable lesson anchors.
interpersonal-effectiveness-p024,site/learn/interpersonal-effectiveness/give.qmd,Levels of Validation,searchable-dbt-book,direct_pdf_text,false,false,medium,true,Embedded searchable PDF text normalized and structured in QMD; repeated publication footer omitted. Visual structure still requires review unless integrated into an authored section.
interpersonal-effectiveness-p025,site/learn/interpersonal-effectiveness/give.qmd,A Few Words About Validation,php-high-res,windows_ocr,false,true,medium,true,Printed text OCR was normalized and structured from the page image; visual comparison is required before final acceptance.
interpersonal-effectiveness-p026,site/learn/interpersonal-effectiveness/give.qmd,Validation Expressions,section-scan,windows_ocr,false,true,medium,true,Printed text OCR was normalized and structured from the page image; visual comparison is required before final acceptance.
interpersonal-effectiveness-p027,site/learn/interpersonal-effectiveness/give.qmd,The Four Horsemen and Their Antidotes,section-scan,windows_ocr,false,true,medium,true,Printed text OCR was normalized and structured from the page image; visual comparison is required before final acceptance.
interpersonal-effectiveness-p028,site/learn/interpersonal-effectiveness/give.qmd,DEAR + GIVE Script,section-scan,windows_ocr,false,true,medium,true,Printed text OCR was normalized and structured from the page image; visual comparison is required before final acceptance.
interpersonal-effectiveness-p031,site/learn/interpersonal-effectiveness/fast.qmd,Self-Respect Effectiveness Reflection,section-scan,windows_ocr,false,true,medium,true,Printed text OCR was normalized and structured from the page image; visual comparison is required before final acceptance.
interpersonal-effectiveness-p032,site/learn/interpersonal-effectiveness/fast.qmd,A Bill of Assertive Rights,section-scan,windows_ocr,false,true,medium,true,Printed text OCR was normalized and structured from the page image; visual comparison is required before final acceptance.
interpersonal-effectiveness-p033,site/learn/interpersonal-effectiveness/fast.qmd,Guidelines for Self-Respect Effectiveness: FAST,searchable-dbt-book,direct_pdf_text,true,false,high,false,Embedded searchable PDF text normalized and structured in QMD; repeated publication footer omitted. Visual structure still requires review unless integrated into an authored section. Native wording is integrated into existing stable lesson anchors.
interpersonal-effectiveness-p034,site/learn/interpersonal-effectiveness/fast.qmd,Apologizing Effectively,php-high-res,windows_ocr,false,true,low,true,Printed text OCR was normalized and structured from the page image; visual comparison is required before final acceptance.
interpersonal-effectiveness-p035,site/learn/interpersonal-effectiveness/fast.qmd,DEAR + FAST Script,php-high-res,windows_ocr,false,true,medium,true,Printed text OCR was normalized and structured from the page image; visual comparison is required before final acceptance.
interpersonal-effectiveness-p037,site/learn/interpersonal-effectiveness/saying-no.qmd,"How Intensely to Ask or Say No, Part 1",searchable-dbt-book,direct_pdf_text,true,false,high,false,Embedded searchable PDF text normalized and structured in QMD; repeated publication footer omitted. Visual structure still requires review unless integrated into an authored section. Native wording is integrated into existing stable lesson anchors.
interpersonal-effectiveness-p038,site/learn/interpersonal-effectiveness/saying-no.qmd,"How Intensely to Ask or Say No, Part 2",searchable-dbt-book,direct_pdf_text,true,false,high,false,Embedded searchable PDF text normalized and structured in QMD; repeated publication footer omitted. Visual structure still requires review unless integrated into an authored section. Native wording is integrated into existing stable lesson anchors.
interpersonal-effectiveness-p039,site/learn/interpersonal-effectiveness/saying-no.qmd,"How Intensely to Ask or Say No, Part 3",searchable-dbt-book,direct_pdf_text,true,false,high,false,Embedded searchable PDF text normalized and structured in QMD; repeated publication footer omitted. Visual structure still requires review unless integrated into an authored section. Native wording is integrated into existing stable lesson anchors.
interpersonal-effectiveness-p040,site/learn/interpersonal-effectiveness/saying-no.qmd,"Troubleshooting Interpersonal Effectiveness, Part 1",searchable-dbt-book,direct_pdf_text,false,false,medium,true,Embedded searchable PDF text normalized and structured in QMD; repeated publication footer omitted. Visual structure still requires review unless integrated into an authored section.
interpersonal-effectiveness-p041,site/learn/interpersonal-effectiveness/saying-no.qmd,"Troubleshooting Interpersonal Effectiveness, Part 2",searchable-dbt-book,direct_pdf_text,false,false,medium,true,Embedded searchable PDF text normalized and structured in QMD; repeated publication footer omitted. Visual structure still requires review unless integrated into an authored section.
interpersonal-effectiveness-p042,site/learn/interpersonal-effectiveness/saying-no.qmd,"Troubleshooting Interpersonal Effectiveness Skills, Part 1",searchable-dbt-book,direct_pdf_text,false,false,medium,true,Embedded searchable PDF text normalized and structured in QMD; repeated publication footer omitted. Visual structure still requires review unless integrated into an authored section.
interpersonal-effectiveness-p043,site/learn/interpersonal-effectiveness/saying-no.qmd,"Troubleshooting Interpersonal Effectiveness Skills, Part 2",searchable-dbt-book,direct_pdf_text,false,false,medium,true,Embedded searchable PDF text normalized and structured in QMD; repeated publication footer omitted. Visual structure still requires review unless integrated into an authored section.
interpersonal-effectiveness-p044,site/learn/interpersonal-effectiveness/saying-no.qmd,Dialectics: Acceptance and Change,section-scan,windows_ocr,false,true,medium,true,Printed text OCR was normalized and structured from the page image; visual comparison is required before final acceptance.
interpersonal-effectiveness-p045,site/learn/interpersonal-effectiveness/saying-no.qmd,Walking the Middle Path,searchable-dbt-book,direct_pdf_text,false,false,medium,true,Embedded searchable PDF text normalized and structured in QMD; repeated publication footer omitted. Visual structure still requires review unless integrated into an authored section.
interpersonal-effectiveness-p046,site/learn/interpersonal-effectiveness/saying-no.qmd,Identifying Mindfulness of Others,searchable-dbt-book,direct_pdf_text,false,false,medium,true,Embedded searchable PDF text normalized and structured in QMD; repeated publication footer omitted. Visual structure still requires review unless integrated into an authored section.
interpersonal-effectiveness-p047,site/learn/interpersonal-effectiveness/saying-no.qmd,Opposite Sides That Can Both Be True,searchable-dbt-book,direct_pdf_text,false,false,medium,true,Embedded searchable PDF text normalized and structured in QMD; repeated publication footer omitted. Visual structure still requires review unless integrated into an authored section.
interpersonal-effectiveness-p048,site/learn/interpersonal-effectiveness/saying-no.qmd,Important Opposites to Balance,searchable-dbt-book,direct_pdf_text,false,false,medium,true,Embedded searchable PDF text normalized and structured in QMD; repeated publication footer omitted. Visual structure still requires review unless integrated into an authored section.
interpersonal-effectiveness-p049,site/learn/interpersonal-effectiveness/saying-no.qmd,Identifying Dialectics,searchable-dbt-book,direct_pdf_text,false,false,medium,true,Embedded searchable PDF text normalized and structured in QMD; repeated publication footer omitted. Visual structure still requires review unless integrated into an authored section.
wellness-p002,site/learn/wellness/sleep.qmd,Taking Care of Your Mind by Taking Care of Your Body,searchable-dbt-book,direct_pdf_text,true,false,high,false,Embedded searchable PDF text normalized and structured in QMD; repeated publication footer omitted. Visual structure still requires review unless integrated into an authored section. Native wording is integrated into existing stable lesson anchors.
wellness-p004,site/learn/wellness/sleep.qmd,Exploring Sleep,php-high-res,windows_ocr,false,true,medium,true,Printed text OCR was normalized and structured from the page image; visual comparison is required before final acceptance.
wellness-p005,site/learn/wellness/sleep.qmd,Understanding Sleep,section-scan,windows_ocr,false,true,medium,true,Printed text OCR was normalized and structured from the page image; visual comparison is required before final acceptance.
wellness-p006,site/learn/wellness/sleep.qmd,The Five Stages of Sleep,section-scan,windows_ocr,false,true,low,true,Printed text OCR was normalized and structured from the page image; visual comparison is required before final acceptance.
wellness-p007,site/learn/wellness/sleep.qmd,Additional Sleep Hygiene Tips,section-scan,windows_ocr,false,true,medium,true,Printed text OCR was normalized and structured from the page image; visual comparison is required before final acceptance.
wellness-p008,site/learn/wellness/sleep.qmd,Sleep Hygiene Practice Sheet,searchable-dbt-book,direct_pdf_text,false,false,medium,true,Embedded searchable PDF text normalized and structured in QMD; repeated publication footer omitted. Visual structure still requires review unless integrated into an authored section.
wellness-p010,site/learn/wellness/behavioral-activation.qmd,The First Vicious Cycle,section-scan,windows_ocr,false,true,medium,true,Printed text OCR was normalized and structured from the page image; visual comparison is required before final acceptance.
wellness-p011,site/learn/wellness/behavioral-activation.qmd,The Second Vicious Cycle,section-scan,windows_ocr,false,true,medium,true,Printed text OCR was normalized and structured from the page image; visual comparison is required before final acceptance.
wellness-p012,site/learn/wellness/behavioral-activation.qmd,Your Cycles,php-high-res,windows_ocr,false,true,medium,true,Printed text OCR was normalized and structured from the page image; visual comparison is required before final acceptance.
wellness-p013,site/learn/wellness/behavioral-activation.qmd,The Upward Spiral of Behavioural Activation,php-high-res,windows_ocr,true,true,high,false,Printed text OCR was normalized and structured from the page image; visual comparison is required before final acceptance. Native wording is integrated into existing stable lesson anchors.
wellness-p014,site/learn/wellness/behavioral-activation.qmd,What Is Behaviour Activation?,section-scan,windows_ocr,true,true,high,false,Printed text OCR was normalized and structured from the page image; visual comparison is required before final acceptance. Native wording is integrated into existing stable lesson anchors.
wellness-p015,site/learn/wellness/behavioral-activation.qmd,Behaviour Activation: Battery vs. Generator,section-scan,windows_ocr,false,true,medium,true,Printed text OCR was normalized and structured from the page image; visual comparison is required before final acceptance.
wellness-p016,site/learn/wellness/behavioral-activation.qmd,"Behavioural Activation Tips, Part 1",section-scan,windows_ocr,false,true,medium,true,Printed text OCR was normalized and structured from the page image; visual comparison is required before final acceptance.
wellness-p017,site/learn/wellness/behavioral-activation.qmd,"Behavioural Activation Tips, Part 2",section-scan,windows_ocr,false,true,medium,true,Printed text OCR was normalized and structured from the page image; visual comparison is required before final acceptance.
wellness-p018,site/learn/wellness/behavioral-activation.qmd,"Behavioural Activation Tips, Part 3",section-scan,windows_ocr,false,true,medium,true,Printed text OCR was normalized and structured from the page image; visual comparison is required before final acceptance.
wellness-p019,site/learn/wellness/behavioral-activation.qmd,Activity Monitoring Worksheet,section-scan,windows_ocr,false,true,medium,true,Printed text OCR was normalized and structured from the page image; visual comparison is required before final acceptance.
wellness-p020,site/learn/wellness/behavioral-activation.qmd,Activity Planning Worksheet,section-scan,windows_ocr,false,true,medium,true,Printed text OCR was normalized and structured from the page image; visual comparison is required before final acceptance.
wellness-p021,site/learn/wellness/behavioral-activation.qmd,Behavioural Activation Barriers and Resources,php-high-res,windows_ocr,false,true,medium,true,Printed text OCR was normalized and structured from the page image; visual comparison is required before final acceptance.
wellness-p023,site/learn/wellness/behavior-chain-missing-links.qmd,Analyzing Behaviour,searchable-dbt-book,direct_pdf_text,true,false,high,false,Embedded searchable PDF text normalized and structured in QMD; repeated publication footer omitted. Visual structure still requires review unless integrated into an authored section. Native wording is integrated into existing stable lesson anchors.
wellness-p024,site/learn/wellness/behavior-chain-missing-links.qmd,The Behaviour Chain Analysis,section-scan,windows_ocr,true,true,high,false,Printed text OCR was normalized and structured from the page image; visual comparison is required before final acceptance. Native wording is integrated into existing stable lesson anchors.
wellness-p025,site/learn/wellness/behavior-chain-missing-links.qmd,"Behaviour Chain Analysis Example, Part 1",section-scan,windows_ocr,false,true,medium,true,Printed text OCR was normalized and structured from the page image; visual comparison is required before final acceptance.
wellness-p026,site/learn/wellness/behavior-chain-missing-links.qmd,"Behaviour Chain Analysis Example, Part 2",section-scan,windows_ocr,false,true,medium,true,Printed text OCR was normalized and structured from the page image; visual comparison is required before final acceptance.
wellness-p027,site/learn/wellness/behavior-chain-missing-links.qmd,"Behaviour Chain Analysis Example, Part 3",section-scan,windows_ocr,false,true,medium,true,Printed text OCR was normalized and structured from the page image; visual comparison is required before final acceptance.
wellness-p028,site/learn/wellness/behavior-chain-missing-links.qmd,"Behaviour Chain Analysis Worksheet, Part 1",section-scan,windows_ocr,false,true,medium,true,Printed text OCR was normalized and structured from the page image; visual comparison is required before final acceptance.
wellness-p029,site/learn/wellness/behavior-chain-missing-links.qmd,"Behaviour Chain Analysis Worksheet, Part 2",section-scan,windows_ocr,false,true,medium,true,Printed text OCR was normalized and structured from the page image; visual comparison is required before final acceptance.
wellness-p030,site/learn/wellness/behavior-chain-missing-links.qmd,"Behaviour Chain Analysis Worksheet, Part 3",section-scan,windows_ocr,false,true,medium,true,Printed text OCR was normalized and structured from the page image; visual comparison is required before final acceptance.
wellness-p031,site/learn/wellness/behavior-chain-missing-links.qmd,Behaviour Chain Analysis Map,php-high-res,windows_ocr,true,true,high,false,Printed text OCR was normalized and structured from the page image; visual comparison is required before final acceptance. Native wording is integrated into existing stable lesson anchors.
wellness-p032,site/learn/wellness/behavior-chain-missing-links.qmd,Missing-Links Analysis,searchable-dbt-book,direct_pdf_text,true,false,high,false,Embedded searchable PDF text normalized and structured in QMD; repeated publication footer omitted. Visual structure still requires review unless integrated into an authored section. Native wording is integrated into existing stable lesson anchors.
wellness-p034,site/learn/wellness/maladaptive-coping.qmd,Effects of Substance Use,section-scan,windows_ocr,false,true,medium,true,Printed text OCR was normalized and structured from the page image; visual comparison is required before final acceptance.
wellness-p035,site/learn/wellness/maladaptive-coping.qmd,Signs of Maladaptive Coping,section-scan,windows_ocr,false,true,medium,true,Printed text OCR was normalized and structured from the page image; visual comparison is required before final acceptance.
wellness-p036,site/learn/wellness/maladaptive-coping.qmd,Stages of Change,section-scan,windows_ocr,false,true,high,true,The source handout is intentionally omitted from the public lesson; the adapted stage teaching remains in stable lesson anchors.
wellness-p037,site/learn/wellness/maladaptive-coping.qmd,"Stages of Change Worksheet, Part 1",section-scan,windows_ocr,false,true,medium,true,Printed text OCR was normalized and structured from the page image; visual comparison is required before final acceptance.
wellness-p038,site/learn/wellness/maladaptive-coping.qmd,"Stages of Change Worksheet, Part 2",section-scan,windows_ocr,false,true,medium,true,Printed text OCR was normalized and structured from the page image; visual comparison is required before final acceptance.
wellness-p039,site/learn/wellness/maladaptive-coping.qmd,"Stages of Change Worksheet, Part 3",section-scan,windows_ocr,false,true,medium,true,Printed text OCR was normalized and structured from the page image; visual comparison is required before final acceptance.
wellness-p040,site/learn/wellness/maladaptive-coping.qmd,Naloxone: Save a Life,section-scan,windows_ocr,false,true,medium,true,Printed text OCR was normalized and structured from the page image; visual comparison is required before final acceptance.
wellness-p041,site/learn/wellness/maladaptive-coping.qmd,Opioid Overdoses: What to Do,section-scan,windows_ocr,false,true,medium,true,Printed text OCR was normalized and structured from the page image; visual comparison is required before final acceptance.
wellness-p043,site/learn/wellness/balanced-eating.qmd,"Seven Tips for Balanced Eating, Part 1",section-scan,windows_ocr,true,true,high,false,Printed text OCR was normalized and structured from the page image; visual comparison is required before final acceptance. Native wording is integrated into existing stable lesson anchors.
wellness-p044,site/learn/wellness/balanced-eating.qmd,"Seven Tips for Balanced Eating, Part 2",section-scan,windows_ocr,true,true,high,false,Printed text OCR was normalized and structured from the page image; visual comparison is required before final acceptance. Native wording is integrated into existing stable lesson anchors.
wellness-p045,site/learn/wellness/balanced-eating.qmd,Eating Well on a Budget,section-scan,windows_ocr,false,true,medium,true,Printed text OCR was normalized and structured from the page image; visual comparison is required before final acceptance.
wellness-p046,site/learn/wellness/balanced-eating.qmd,"Canada's Food Guide: Eat Well, Live Well",section-scan,windows_ocr,false,true,medium,true,Printed text OCR was normalized and structured from the page image; visual comparison is required before final acceptance.
wellness-p047,site/learn/wellness/balanced-eating.qmd,Healthy Eating Is More Than the Foods You Eat,section-scan,windows_ocr,false,true,medium,true,Printed text OCR was normalized and structured from the page image; visual comparison is required before final acceptance.
wellness-p048,site/learn/wellness/balanced-eating.qmd,Estimating Portion Sizes,section-scan,windows_ocr,false,true,medium,true,Printed text OCR was normalized and structured from the page image; visual comparison is required before final acceptance.
wellness-p049,site/learn/wellness/balanced-eating.qmd,Weekly Food Journal,section-scan,windows_ocr,false,true,medium,true,Printed text OCR was normalized and structured from the page image; visual comparison is required before final acceptance.
wellness-p050,site/learn/wellness/balanced-eating.qmd,Weekly Meal Plan,php-high-res,windows_ocr,false,true,low,true,Printed text OCR was normalized and structured from the page image; visual comparison is required before final acceptance.
wellness-p052,site/learn/wellness/medication-doctor-visits.qmd,Doctor Appointment Barriers,php-high-res,windows_ocr,true,true,high,false,Printed text OCR was normalized and structured from the page image; visual comparison is required before final acceptance. Native wording is integrated into existing stable lesson anchors.
wellness-p053,site/learn/wellness/medication-doctor-visits.qmd,Tips for Managing Appointments,section-scan,windows_ocr,true,true,high,false,Printed text OCR was normalized and structured from the page image; visual comparison is required before final acceptance. Native wording is integrated into existing stable lesson anchors.
wellness-p054,site/learn/wellness/medication-doctor-visits.qmd,Questions for Your Doctor and Appointment Reminder,section-scan,windows_ocr,true,true,high,false,Printed text OCR was normalized and structured from the page image; visual comparison is required before final acceptance. Native wording is integrated into existing stable lesson anchors.
wellness-p055,site/learn/wellness/medication-doctor-visits.qmd,"Myths About Psychiatric Medication, Part 1",section-scan,windows_ocr,false,true,medium,true,Printed text OCR was normalized and structured from the page image; visual comparison is required before final acceptance.
wellness-p056,site/learn/wellness/medication-doctor-visits.qmd,"Myths About Psychiatric Medication, Part 2",section-scan,windows_ocr,false,true,medium,true,Printed text OCR was normalized and structured from the page image; visual comparison is required before final acceptance.
wellness-p057,site/learn/wellness/medication-doctor-visits.qmd,Medication Reminder Tools,section-scan,windows_ocr,false,true,medium,true,Printed text OCR was normalized and structured from the page image; visual comparison is required before final acceptance.
wellness-p058,site/learn/wellness/medication-doctor-visits.qmd,Medication Organizers,section-scan,windows_ocr,false,true,medium,true,Printed text OCR was normalized and structured from the page image; visual comparison is required before final acceptance.
wellness-p059,site/learn/wellness/medication-doctor-visits.qmd,Alarms and Medication Dispensers,section-scan,windows_ocr,false,true,medium,true,Printed text OCR was normalized and structured from the page image; visual comparison is required before final acceptance.
wellness-p060,site/learn/wellness/medication-doctor-visits.qmd,My Current Medications,php-high-res,windows_ocr,false,true,medium,true,Printed text OCR was normalized and structured from the page image; visual comparison is required before final acceptance.
wellness-p061,site/learn/wellness/medication-doctor-visits.qmd,My Current Medications: Extended,php-high-res,windows_ocr,false,true,medium,true,Printed text OCR was normalized and structured from the page image; visual comparison is required before final acceptance.
wellness-p062,site/learn/wellness/medication-doctor-visits.qmd,Health Care Connect,section-scan,windows_ocr,false,true,medium,true,Printed text OCR was normalized and structured from the page image; visual comparison is required before final acceptance.
